place_name,postcode,latitude,longitude
7 Tek Recycling Ltd,DY138QT,52.349922,-2.290813
WEEE MUST RECYCLE,B775DF,52.607902,-1.675401
DCF Local - Manns,RM96QD,51.516469,0.144512
DCF Local - Whites,RM96QJ,51.519006,0.144386
ABC Recycling Ltd,LS61AL,53.809367,-1.56478
Fraserburgh Recycling Centre,AB439SU,57.694365,-2.023723
Crow's Nest Recycling Centre,AB314EQ,57.06331,-2.502345
Peterhead Recycling Centre,AB423JF,57.491293,-1.814921
Huntly Waste Transfer Station,AB548SX,57.445205,-2.799332
Inverurie Waste Transfer Station,AB510TP,57.285652,-2.37148
Kirkhill Waste Transfer Station,AB424JA,57.562917,-1.973477
Laurencekirk Recycling Centre,AB301DG,56.832973,-2.473526
Insch Recycling Centre,AB526LA,57.343851,-2.612882
Alford Recycling Centre,AB338BZ,57.230483,-2.699236
Macduff Recycling Centre,AB441QD,57.667454,-2.486479
Portsoy Recycling Centre,AB452QX,57.680855,-2.689695
Portlethen Recycling Centre,AB124YF,57.06968,-2.154329
Redcloak Recycling Centre,AB393SS,56.975334,-2.239239
Inverurie Recycling Centre,AB510TP,57.285652,-2.37148
Huntly Recycling Centre,AB548SX,57.445205,-2.799332
Stonehaven Transfer Station,AB392NT,56.960533,-2.204704
Turriff Recycling Centre,AB534AZ,57.542136,-2.454575
Westhill Recycling Centre,AB326QX,57.15227,-2.298621
Macduff Waste Transfer Station,AB441RU,57.667421,-2.478734
Ellon Waste Transfer Station,AB418BY,57.368907,-2.050864
Ellon Recycling Centre,AB418BY,57.368907,-2.050864
Mintlaw Waste Depot,AB425EL,57.523325,-2.000303
Absolute Recycling Company UK Ltd,PL53LS,50.40434,-4.159689
Acorn Computer Recycling (CIC),NE286HA,54.991493,-1.507295
Allsorts,CH51BZ,53.213687,-3.04293
Thorn Turn HWRC,LU56GJ,51.905969,-0.547052
Alconbury Transfer & Recycling Facility,PE284JW,52.390108,-0.245662
March Transfer & Recycling Facility,PE150EN,52.563958,0.077286
Waterbeach Waste Management Park,CB259PG,52.291833,0.173997
Llantrisant Community Recycling Centre,CF728XZ,51.554763,-3.383695
Treherbert Community Recycling Centre,CF425HZ,51.670559,-3.531861
ACROP,DD112NJ,56.552926,-2.618076
Arbroath Recycling Centre,DD114DS,56.566575,-2.595392
Brechin Recycling Centre,DD97BD,56.730285,-2.651955
Carnoustie Recycling Centre,DD77ST,56.505695,-2.720116
Forfar Recycling Centre,DD83JA,56.646823,-2.891293
Kirriemuir Recycling Centre,DD84EB,56.67238,-3.003892
Monifieth Recycling Centre,DD54NH,56.480068,-2.815227
Montrose Recycling Centre,DD108SY,56.723657,-2.462249
Appliance Care Recycling,CO78JD,51.84246,1.027728
APPLIANCE CARE RECYCLING LTD,CO28HT,51.877053,0.931082
Aquaforce Special Waste Limited,WV107DB,52.674562,-2.12229
Arbitel Recycling Limited (Shrewsbury),SY13TE,52.744175,-2.736121
Arbitel Recycling Ltd (West Drayton),UB78EW,51.509479,-0.459255
ARC recycling cic,LA142AG,54.109289,-3.215753
Horrocks and Cross,LA142AL,54.10955,-3.213925
Areani Ltd,BS137TW,51.415163,-2.610939
Acton Gate,ST189AR,52.76823,-2.109767
Barton,DE138BX,52.755675,-1.706509
Faverdale,DL30PS,54.545937,-1.575748
Marsh Leys,MK439AB,52.101584,-0.505951
ASM Metal Recycling Ltd.,HP198BB,51.819826,-0.83359
Council Depot,HP201DG,51.820593,-0.810248
B J Electronics,MK139HB,52.046029,-0.796879
Bamboo Distribution Limited,EN91AS,51.683441,-0.013768
Bamboo Distribution Ltd,EN91AS,51.683441,-0.013768
Highgate HWRC,S639AT,53.535282,-1.313743
Penistone HWRC,S366HH,53.524789,-1.617162
Smithies Lane HWRC,S711NL,53.56849,-1.474664
Worsbrough HWRC,S705DJ,53.527666,-1.466903
Barleylands Recycling Centre,CM112UF,51.59816,0.446036
BATH RECYCLING CENTRE,BA13AT,51.385112,-2.377022
BATH TRANSFER STATION,BA13AT,51.385112,-2.377022
OLD WELTON RECYCLING CENTRE,BA32AA,51.291345,-2.466013
OLD WELTON TRANSFER STATION,BA32AA,51.291345,-2.466013
PIXASH RECYCLING CENTRE,BS311TP,51.412067,-2.476355
Household Waste Recycling Centre,MK419SB,52.133634,-0.441029
Bethany Christian Trust,EH65HD,55.969342,-3.173687
"Perry Barr Household Recycling Centre,",B422TU,52.521798,-1.892604
Tyseley Household Recycling Centre,B112BA,52.459713,-1.839929
BKP Dry Waste Services Limited,SO510PG,51.022206,-1.487987
Blackburn Household Waste Recycling Cent,BB22BU,53.745221,-2.481245
Darwen Household Waste & Recycling Centr,BB33PE,53.711649,-2.446104
Waste transfer station,BB12LX,53.716599,-2.463826
Blackmore CRC,BA120LN,51.193528,-2.009695
Bristol Avenue Household Waste Recycling,FY20JG,53.849555,-3.033503
Layton Depot,FY37HW,53.833841,-3.030178
BLACON FURNITURE PROJECT,CH14QL,53.193676,-2.929795
BOURNVILLE CIVIC AMENITY SITE,NP133DN,51.761604,-3.159083
NEW VALE CIVIC AMENITIES SITE,NP236PL,51.788227,-3.226104
SILENT VALLEY LANDFILL SITE,NP236PZ,51.751712,-3.182646
BluSkye Industries Limited,BA27NG,51.307798,-2.310654
Broxbourne Services,EN80NP,51.719659,-0.035476
Millhams Community Recycling Centre,BH107LQ,50.770051,-1.901859
Christchurch Household Recycling Centre,BH233RU,50.739117,-1.742665
BR Environmental Services Ltd.,LE55FN,52.629834,-1.096695
Household Waste & Recycling Centre,RG121RL,51.413949,-0.775908
Bowling Back Lane Household Recycling Si,BD48SZ,53.788459,-1.725189
Bradford TLS,BD48SZ,53.788459,-1.725189
Dowley Gap,BD161TP,53.840718,-1.818799
Ford Hill Household Waste Recycling Serv,BD132NQ,53.763404,-1.856294
Gloden ButtsHousehold Waste Site,LS298HS,53.925602,-1.818247
Keighley Household Waste Site,BD214BZ,53.876132,-1.896143
Keighley TLS,BD214BZ,53.876132,-1.896143
Midland Road Household Waste Site,BD87DQ,53.806337,-1.759071
Sugden End Household Waste Site,BD229DQ,53.833674,-1.92946
Wilson Road Household Waste site,BD120RG,53.74826,-1.756628
Cordons Farm Waste Transfer Station,CM778DL,51.866368,0.587218
BRENTWOOD BOROUGH COUNCIL,CM133BH,51.601095,0.300484
Mini Clipper,LU74TN,51.906732,-0.652009
Biffa Waste Services,CF329DP,51.549296,-3.595546
HOUSEHOLD WASTE AMENITY SITE,CF320NE,51.498484,-3.652276
Brighton Household Waste Recycling Centr,BN25PB,50.824225,-0.101444
Hollingdean Depot,BN17GA,50.840339,-0.131967
Hove Household Waste Recycling Site,BN37AE,50.83815,-0.17952
Brightstar 20:20 Ltd,CW16NB,53.0824,-2.416176
ARTS Transfer Station,BS110YS,51.511525,-2.673501
AVONMOUTH HWRC,BS110YS,51.511525,-2.673501
ST PHILIPS HWRC,BS20QS,51.453986,-2.570799
St Philips Transfer station,BS20QS,51.453986,-2.570799
Albert Road depot,bs20xs,51.444467,-2.569876
Britcom UK Ltd,B193HS,52.488705,-1.901433
Northallaton Depot,DL62PJ,54.348623,-1.445626
Brookside Depot,NR127NQ,52.700833,1.311133
Bryan Hirst Limited,SO213FN,51.175605,-1.337776
Bryan Hirst Ltd,RG287RT,51.239406,-1.381525
BSX Ltd,BL13HW,53.590687,-2.44125
London Road Depot,HP69DT,51.675531,-0.60731
Amersham Household Waste Recycling Centr,HP79DT,51.656679,-0.587728
Aston Clinton HWRC,HP225EZ,51.818109,-0.739432
Aylesbury Household Wate Recycling Centr,HP198RS,51.823545,-0.850319
Beaconsfield Household Waste Recycling C,HP92XB,51.601047,-0.607669
Bledlow Ridge Household Waste Recycling,HP144BH,51.694045,-0.869344
Burnham Household Waste Recycling Centre,SL23TG,51.549219,-0.635371
Chesham Houshold Recycling Centre,HP51TL,51.685791,-0.58476
High Heavens Houshold Recycling Cnetre,SL73DJ,51.607787,-0.799106
Langley Park Household Waste & Recycling,SL36DD,51.510534,-0.540323
Yonder Slade Household Waste Recycling C,MK181RZ,51.987552,-0.98186
Aberbargoed CA Site,CF819EP,51.682733,-3.215707
Full Moon CA Site,np117bd,51.615822,-3.137493
Penallta CA Site,CF827QZ,51.659657,-3.246896
Penmaen CA Site,NP122XZ,51.659905,-3.187381
Rhymney CA Site,NP225PW,51.757964,-3.283126
Trehir CA Site,CF833RP,51.599292,-3.224205
Ainleys HWRS,HX59JR,53.678235,-1.824323
Atlas Mill Road HWRS,HD61ES,53.700018,-1.784854
Eastwood HWRS,OL145RJ,53.717195,-2.07559
Halifax HWRS,HX35PN,53.736037,-1.873791
Milner Royd HWRS,HX63LF,53.709211,-1.89993
ALCONBURY HWRC,PE284JN,52.37244,-0.239003
BLUNTISHAM HWRC,PE283LQ,52.35602,-0.010009
MARCH HWRC,PE158QN,52.566922,0.079568
MILTON HWRC,CB46DQ,52.24827,0.145804
ST NEOTS HWRC,PE192JE,52.219916,-0.261561
THRIPLOW HWRC,SG87HZ,52.086937,0.111049
WHITTLESEY HWRC,PE71SZ,52.55152,-0.109746
WISBECH HWRC,PE132RB,52.650791,0.157138
Hadfield Close HWRC,CF118XH,51.466243,-3.202098
Lamby Way HWRC,CF32HP,51.498696,-3.124019
Waungron Road HWRC,CF52JL,51.48865,-3.229031
Wedal Road HWRC,CF143QX,51.503672,-3.182133
Carl Wright Haulage Ltd,Ng157SZ,53.03248,-1.187028
Llanelli Civic Amenity Site,SA149UU,51.673517,-4.14004
Llangadog Civic Amenity Site,SA199LU,51.94086,-3.893059
Nantycaws Civic Amenity Site,SA328BG,51.835863,-4.212216
Wernddu Civic Amenity Site,SA182NE,51.797777,-3.974045
Whitland CA Site,SA340AE,51.820047,-4.617032
Castle Enterprise Scotland Ltd,KY75QF,56.197507,-3.160373
Castle Furniture Project,KY75QF,56.197507,-3.160373
Farmhouse Depot,SS80QU,51.537664,0.565903
CCL (North) Ltd,KA115AU,55.586271,-4.646126
THE S. O. F. A. PROJECT,TR153QY,50.221093,-5.270125
Cellular Surplus Ltd,NR95BZ,52.646178,1.112579
Ampthill HWRC,MK452SA,52.026573,-0.493357
Biggleswade HWRC,SG180AF,52.090384,-0.268264
Leighton Buzzard HWRC,LU73BT,51.937928,-0.654798
Aberystwyth Recycling Centre,SY233JQ,52.402564,-4.043116
Beulah Waste Transfer Station,SA389QE,52.090421,-4.499062
Borth Civic Amenity Site,SY245JF,52.485062,-4.050812
Cilmaenllwyd Civic Amenity Site,SA431RB,52.101406,-4.626953
LAS Waste CA site,SA488LT,52.120494,-4.076508
LAS Waste Transfer Station,SA488LT,52.120494,-4.076508
Rhydeinon Civic Amenity Site,SA470QP,52.16989,-4.295538
Ceredigion County Council,SA444SX,52.08418,-4.363971
CFC Disposal,PE149LF,52.548818,0.201074
Changing Lives In Cheshire Winsford Hub,CW73QL,53.195539,-2.497245
Cheltenham Borough Council,GL519JZ,51.913287,-2.092031
Alsager HWRC,ST72SJ,53.106394,-2.320182
Arclid HWRC,CW112SR,53.163525,-2.314714
Bollington HWRC,SK105HW,53.296036,-2.118261
Cheshire East Collection Depot (North),SK101LJ,53.261704,-2.122046
Cheshire East Collection Depot (South),CW13PJ,53.106213,-2.469224
Congleton HWRC,CW121LJ,53.170502,-2.217798
Crewe HWRC,CW13PJ,53.106213,-2.469224
Knutsford HWRC,WA168HT,53.31106,-2.35275
Macclesfield HWRC,SK119QP,53.238833,-2.15589
Middlewich HWRC,CW109EZ,53.197949,-2.454431
Poynton HWRC,SK121TD,53.3479,-2.088271
Chester HWRC,CH16QE,53.188672,-2.930913
Ellesmere Port HWRC,CH654LB,53.2791,-2.874236
Frodsham HWRC,WA66PN,53.294801,-2.724089
Neston HWRC,CH643RL,53.299311,-3.062765
Northwich HWRC,CW95LN,53.266355,-2.508174
Tattenhall HWRC,CH39BD,53.139414,-2.755273
Winsford HWRC,CW72RB,53.184164,-2.553605
Canalside Operations Hub,CH654EF,53.28429,-2.888096
Road 3 Depot,CW73PD,53.192434,-2.48504
Chrorley Borough Council Depot,PR71SA,53.657351,-2.628834
St Paul's Centre,CW13BY,53.100184,-2.447368
Clyne CA Site,SA28DU,51.60521,-3.998186
Garngoch Civic Amenity Site,SA49WN,51.666632,-4.013282
Llansamlet Civic Amenity Site,SA68QN,51.65907,-3.919591
PENLAN CA,SA57BT,51.648254,-3.959417
TIR JOHN CA SITE,SA18NS,51.62453,-3.906615
Braehead Community Recycling Centre,EH126AA,55.946459,-3.235956
Craigmillar Community Recycling Centre,EH164TA,55.926479,-3.144383
Powderhall Waste Transfer Station,EH74LG,55.966241,-3.189198
Seafield Community Recycling Centre,EH76RD,55.96718,-3.137352
Sighthill Community Recycling Centre,EH114HD,55.923394,-3.291041
Walbrook Wharf,EC4R3TD,51.510209,-0.091812
Hickman Avenue Depot,WV12BY,52.58268,-2.103133
Beckfield Lane HWRC,YO265PW,53.961882,-1.134509
Hazel Court HWRC,YO103DS,53.959171,-1.064116
Towthorpe HWRC,YO329ST,54.018333,-1.011681
Forthbank Recycling Centre,FK101DA,56.106698,-3.791342
Clews Recycling Ltd,CV211EA,52.381903,-1.261382
Bennadrove Recycling Centre,HS20DL,58.220413,-6.416457
Unit 5,RG147NE,51.396793,-1.318173
"The Slater Centre, Buckner Croke Way,",RG196HN,51.374981,-1.283853
Computer Recycling Services,NE331RA,54.994675,-1.436904
Computer Recycling Technologies Ltd,WA36AX,53.431688,-2.524022
CSS Newbury - Abex Road,RG145EY,51.401578,-1.306128
CSS Thatcham - Aylesford Way,RG194ND,51.397163,-1.23659
Mochdre Civic Amenity Site,LL284YL,53.298024,-3.759022
Mochdre Materials Reclamation Facility,LL284YL,53.298024,-3.759022
COOKES,NR24AQ,52.630878,1.28929
Cooler Recycling Solutions Ltd,NE490EX,54.967696,-2.453832
Coolrec UK Ltd,SS131QJ,51.585564,0.508647
Bodmin Household Waste Recycling Centre,PL305HB,50.447963,-4.76818
Connon Bridge Household Waste Recycling,PL144NP,50.429107,-4.558922
Helston Household Waste Recycling Centre,TR130QD,50.099808,-5.257588
Launceston Household Waste Recycling Cen,PL157PL,50.627392,-4.379761
Launceston Refuse Transfer Station,PL157PH,50.627538,-4.37751
Newquay Household Waste Recycling Centre,TR73BT,50.413083,-5.059123
Newquay Refuse Transfer Station,TR73BW,50.414031,-5.057622
Pool Refuse Transfer Station,TR153QT,50.222804,-5.274883
Saltash Household Waste Recycling Centre,PL126UA,50.421648,-4.233993
St Austell Household Waste Recycling Cen,PL253TD,50.356738,-4.763513
St Austell Refuse Transfer Station,PL267DS,50.329825,-4.812582
St Erth Household Waste Recycling Centre,TR276LA,50.170628,-5.436852
St Erth Refuse Transfer Station,TR276JW,50.170554,-5.445391
Tintagel Household Waste Recycling Centr,PL340HH,50.644062,-4.712849
Tiscott Wood Household Waste Recycling C,EX239AP,50.830278,-4.519588
United Mines Household Waste Recycling C,TR165HU,50.231711,-5.161571
Truro,TR11RH,50.272557,-5.036674
Hempsted Landfill Site,GL24FR,51.827809,-2.288509
Wingmoor Landfill Site,GL524RT,51.947053,-2.073644
Waste Reception Facility,TR250QL,49.961001,-6.28333
Coventry & Solihull Waste Disposal Co.,CV34AN,52.396027,-1.491453
COX SKIPS,RH104PZ,51.110898,-0.078677
South Sefton Recycling Park,L204AE,53.450224,-2.999944
Speke Hall Road,L249HA,53.351911,-2.864413
"Unit 3 Gibraltar House, Kelvin Road,",CH447JW,53.405873,-3.022188
CREATE UK Ltd,L249GS,53.350399,-2.847001
Croydon Appliance Reuse Centre,CR03RP,51.378987,-0.112237
Ambleside Civic Amenity Site,LA220EE,54.428855,-2.965597
Bousteads Civic Amenity Site,CA25LG,54.884898,-2.935693
Canal Head Civic Amenity Site,LA97DB,54.326294,-2.741649
Flusco Civic Amenity Site,CA110JB,54.656387,-2.8412
Frizington Civic Amenity Site,CA263QU,54.537493,-3.494269
Guides Lot Civic Amenity Site,LA117EN,54.182182,-2.925682
Hobson's Lane Civic Amenity Site,CA174RN,54.476362,-2.353327
Maryport Civic Amenity Site,CA158Nt,54.707105,-3.505514
Project Furness Civic Amenity Site,LA145UY,54.126364,-3.237949
Redhills Quarry Civic Amenity Site,LA184LD,54.20123,-3.254048
Townfoot Household Waste Recycling Centr,CA38NA,54.891698,-2.933668
Ulverston Civic Amenity Site,LA129BL,54.191867,-3.083439
Wigton Civic Amenity Site,CA79NE,54.815247,-3.14653
Workington Civic Amenity Site,CA142TG,54.638038,-3.561903
Distington Drum Transfer Station,CA144JP,54.607447,-3.51939
Distington Landfill Site,CA144JP,54.607447,-3.51939
Hespin Wood Landfill Site,CA64BJ,54.952958,-2.992878
Kingmoor Recycling Centre,CA39QJ,54.912083,-2.957167
Right2work,LA96DE,54.335727,-2.740852
Nantycaws Landfill Site,SA328BG,51.835863,-4.212216
Trostre Transfer Station,SA149UU,51.673517,-4.14004
Wern Ddu Recycling Centre,SA182UR,51.804239,-3.971571
Whitland Recycling Centre,SA340AE,51.820047,-4.617032
CWS Metals,PE149DW,52.597638,0.210032
Bala HWRC,LL237NT,52.939836,-3.634511
Bangor HWRC,LL574YH,53.217985,-4.111526
Caergylchu HWRC,LL552BD,53.140419,-4.249702
Dolgellau HWRC,LL402YF,52.745919,-3.879238
Ffridd Rasus HWRC,LL462UW,52.869539,-4.106469
Pwllheli HWRC,LL535YT,52.889712,-4.403393
Rhiwbryfdir HWRC,LL413LU,53.00069,-3.942849
Penhesgyn Civic Amenity Site,LL595RY,53.245406,-4.194213
Waste Minimisation and Recycling Site,LL654PW,53.259533,-4.425473
D&J Henry Ltd,CV34LH,52.393531,-1.477756
Cupid Green Depot,HP27BA,51.77222,-0.446026
Gold Fen Bank,PE229BG,53.049264,0.140419
Household Waste Recycling Centre,DY81JE,52.457145,-2.143347
Hundens Depot,DL11JW,54.531394,-1.540011
DDC Waste Transfer Statioin,NN114HB,52.248575,-1.149096
DCC Kinmel Park Depot,LL185UX,53.264531,-3.509587
DCC Lon Parcwr Depot,LL151BB,53.117299,-3.308157
Denbigh Civic Amenity Site,LL165TA,53.193235,-3.41429
Prestatyn Civic Amenity Site,LL198EJ,53.328265,-3.412972
Rhyl Civic Amenity Site,LL182AD,53.312399,-3.497632
Ruthin Civic Amenity Site,LL151NJ,53.120232,-3.309352
RAYNESWAY RECYCLING CENTRE,DE217BH,52.902421,-1.428041
Ashbourne Household Waste and Recycling,DE61AS,53.012041,-1.744674
Bolsover HWRC,S446AE,53.235539,-1.322781
Bretby HWRC,DE110TR,52.784641,-1.581057
Glossop HWRC,SK136JB,53.449791,-1.990129
Ilkeston HWRC,DE78EF,52.97687,-1.319932
Loscoe HWRC,DE757TA,53.023937,-1.367006
Stonegravels HWRC,S418JT,53.254618,-1.428273
Ashley Recycling Centre,EX165PD,50.885026,-3.497077
Bideford Recycling Centre,EX393QT,51.008718,-4.234821
Brunel Road Recycling Centre,TQ124PJ,50.53003,-3.593552
Crowndale Recycling Centre,PL198JR,50.533964,-4.155584
Crowndale Transfer Station,PL198JR,50.533964,-4.155584
Deep Moor Recycling Centre,EX387JA,50.964331,-4.090508
Exton Road Recycling Centre,EX28LY,50.711238,-3.53132
Killacleave Recycling Centre,EX349RH,51.195019,-4.100396
Knowle Hill Recycling Centre,EX85BP,50.627127,-3.36223
Maclins Quarry Recycling Centre,EX363EB,51.023205,-3.829143
Okehampton Recycling Centre,EX201UD,50.742718,-3.97956
Pinbrook Road Recycling Centre,EX48HU,50.73702,-3.481327
Punchbowl Recycling Centre,EX175BP,50.794381,-3.714797
Punchbowl Transfer Station,EX175BP,50.794381,-3.714797
Seven Brethren Recycling Centre,EX312AS,51.073011,-4.059058
Sutton Barton Recycling Centre,EX149SP,50.785669,-3.135386
Torr Quarry Recycling Centre,TQ97QQ,50.319409,-3.764486
Totnes Recycling Centre,TQ95JA,50.43495,-3.683723
Sidmouth Recycling Centre,EX100JS,50.713964,-3.274135
DHL Exel Supply Chain Normanton,WF61TF,53.701062,-1.398889
Display Recycling Limited,CH75JH,53.190437,-3.186214
Unit 113 Bridgwater Business park,TA64TB,51.163576,-2.992043
Doncaster Refurnish,DN68HQ,53.581572,-1.180739
SUEZ Environment (UK) Ltd,DN31QR,53.557375,-1.081811
ARMTHORPE ROAD HWRC SITE,DN25QD,53.533926,-1.083329
BALBY HWRC SITE,DN49AD,53.50041,-1.158361
CARCROFT HWRC,DN67BD,53.576565,-1.172756
CONISBROUGH HWRC,DN122AE,53.481156,-1.215115
Hatfield HWRC,DN74JU,53.584968,-1.013559
Rossington HWRC,DN110PS,53.482007,-1.0857
Doncaster Re-Furnish,DN68DD,53.579811,-1.180951
Bridport Household Waste and Recycling C,DT65LB,50.722585,-2.764191
Lodmoor Hosuehold Waste Recycling Centre,DT35JW,50.629679,-2.459561
Louds Mill Household Waste Disposal Site,DT11PE,50.711216,-2.41192
Portland Household Recycling Centre,DT51BW,50.551501,-2.436667
Shaftesbury Household Waste and Recyclin,SP79QJ,51.01744,-2.187032
Sherborne Waste Management Centre,DT96EE,50.940724,-2.522217
Swanage Household Waste and Recycling Ce,BH191EJ,50.61445,-1.974217
Wareham Household Waste Recycling Centre,BH204SN,50.69592,-2.121795
Wimborne Household Waste and Recycling C,BH212BH,50.79247,-1.967224
Dorset Reclaim Bournemouth,BH14SD,50.72968,-1.855853
Dorset Reclaim Dorchester,DT12PG,50.716336,-2.450255
Dorset Reclaim Poole,BH170GD,50.740665,-1.97891
Aucheninnes Household Waste and Recyclin,DG54NW,54.929483,-3.797559
Aucheninnes Waste Disposal Site,DG54NW,54.929483,-3.797559
Blacks Plantation Household Waste and Re,DG88DE,54.739322,-4.424181
Corsehill Household Waste and Recycling,DG125LN,55.013512,-3.248312
Corsehill Transfer Station,DG125LN,55.013512,-3.248312
Galdenoch Household Waste and Recycling,DG90RS,54.924937,-5.156208
Galdenoch Waste Disposal Site,DG90RS,54.924937,-5.156208
Gatelawbridge Household Waste and Recycl,DG35EA,55.249204,-3.725644
Jock's Loaning Household Waste and Recyc,DG20DL,55.083687,-3.624145
Lochar Moss Household Waste and Recyclin,DG13PG,55.081309,-3.548037
Locharmoss Waste Disposal Site,DG13PG,55.081309,-3.548037
Muirhead Household Waste and Recycling C,DG111LL,55.121756,-3.380131
Newton Stewart HWRC,DG86QD,54.954262,-4.496694
Old Station Yard Recycling Centre,DG109RN,55.309146,-3.460589
St Mary's Street Recycling Centre,DG46ES,55.37617,-3.921819
Stewartry Transfer Station,DG71LH,54.950565,-3.94331
Stranraer Zero Waste Park,DG97UD,54.897722,-5.013713
Baldovie Recycling Centre,DD40NS,56.484905,-2.901802
Marchbanks Recycling Centre,DD23JW,56.472818,-3.001673
Riverside Recycling Centre,DD21UD,56.454061,-3.027785
DWG Site 1,LU55BQ,51.898245,-0.523911
POTTERHOUSE HWRC,DH15RL,54.805728,-1.594875
ROMANWAY HWRC,DL149AW,54.639241,-1.685273
STAINTON GROVE HWRC,DL128UJ,54.556506,-1.888958
STANGFORD ROAD HWRC,SR78QE,54.837883,-1.346028
THORNLEY STATION (B1279),DH62QA,54.750359,-1.386498
THORNLEY WASTE TRANSFER STATION,DH62AQ,54.784904,-1.412036
TUDHOE INDUSTRIAL ESTATE,DL166TL,54.715957,-1.585649
ANNFIELD PLAIN HWRC,DH97RU,54.855217,-1.731248
ANNFIELD PLAIN WASTE TRANSFER STATION,DH97RU,54.855217,-1.731248
COXHOE HWRC,DH64RT,54.723262,-1.490992
HEIGHINGTON LANE HWRC,DL56DS,54.611819,-1.572627
HEIGHINGTON LANE WASTE TRANSFER STATION,DL56FJ,54.592285,-1.576458
HETT HILLS HWRC,DH22QJ,54.860591,-1.603268
HORDEN HWRC,SR84QJ,54.763753,-1.319871
Garlaff,KA182RB,55.43027,-4.307175
Western Road,KA31LL,55.617239,-4.512336
Mavis Valley Transfer Station,G643QQ,55.9173,-4.251484
1 Kilburn Drive,SR84TQ,54.770848,-1.317421
Buntingford Service Centre,SG99ER,51.947556,-0.031105
Barrhead Recycling Centre,G781AA,55.803938,-4.396243
Greenhags Recycling Centre,G776RX,55.742649,-4.358433
HOSM HOUSEHOLD WASTE RECYCLING SITE,YO434LY,53.848485,-0.715474
HUMBERFIELD HOUSEHOLD WASTE RECYCLING SI,HU130JE,53.72326,-0.463297
POCKLINGTONHOUSEHOLD WASTE RECYCLINGSITE,YO422QE,53.928654,-0.773364
PRESTON HOUSEHOLD WASTE RECYCLING SITE,HU128TD,53.755714,-0.205432
WEEL HOUSEHOLD WASTE RECYCLING SITE,HU170SQ,53.840568,-0.385344
WITHERNSEAHOUSEHOLD WASTE RECYCLING SITE,HU192EE,53.730534,0.025261
CROWBOROUGH HOUSEHOLD WASTE RECYCLING SI,TN62JR,51.045421,0.183858
EASTBOURNE HOUSEHOLD WASTE RECYCLING SIT,BN228NB,50.782522,0.296798
FOREST ROW HOUSEHOLD WASTE RECYCLING SIT,RH185DW,51.098616,0.038177
HAILSHAM HOUSEHOLD WASTE RECYCLING SITE,BN272BY,50.854257,0.26764
HASTINGS HOUSEHOLD WASTE RECYCLING SITE,TN402RZ,50.853559,0.506397
HEATHFIELD HOUSEHOLD WASTE RECYCLING SIT,TN218RA,50.974338,0.26971
LEWES HOUSEHOLD WASTE RECYCLING SITE,BN73PS,50.866728,0.017757
MARESFIELD HOUSEHOLD WASTE RECYCLING SIT,TN222HN,50.994633,0.079903
MOUNTFIELD HOUSEHOLD WASTE RECYCLING SIT,TN325LX,50.953849,0.484022
NEWHAVEN HOUSEHOLD WASTE RECYCLING SITE,BN99AD,50.80089,0.035895
SEAFORD HOUSEHOLD WASTE RECYCLING SITE,BN253JE,50.783757,0.121917
WADHURST HOUSEHOLD WASTE RECYCLING SITE,TN56PT,51.072132,0.309224
Eco-Logic,TR153QJ,50.222798,-5.269
Just Recycling,TR165HY,50.230637,-5.165343
Ecosystems Group,CH52NU,53.229349,-3.002517
Edzell Civic Amenity Site,DD97TW,56.809279,-2.653785
Electrical Recycling and Reuse Limited,DG27DA,55.06253,-3.609724
ARC Southwark Computer Recycling,SE151LE,51.483914,-0.062678
Chigwell Road RRC,IG88PW,51.598898,0.041526
Frizlands Lane RRC,RM107HX,51.558227,0.154541
Gerpins Lane RRC,RM142XR,51.533133,0.235933
Jenkins Lane RRC,IG110AD,51.524356,0.077992
Emmaus Leeds,LS97DP,53.799539,-1.530877
Emmaus Village Carlton,MK437LQ,52.179347,-0.604835
Enterprise Furniture & Electricals,LL297TE,53.29319,-3.726264
Enviro Kleen Ltd,KY13NL,56.138996,-3.143802
EnviroCraft Waste Solutions Ltd,CW109NT,53.213885,-2.420428
Environcom - Edmonton,N183QU,51.611053,-0.039519
Environcom - Grantham,NG317UH,52.888561,-0.635751
Environcom North West Recycling,DY97DD,52.457892,-2.121678
ECCO,CM186LX,51.757147,0.113832
Laurel House,L349JA,53.461003,-2.856356
Langston Road Council Depot,IG103UE,51.64252,0.084198
Erecycler Ltd,NP194PQ,51.568385,-2.976
Canvey Recycling Centre,SS80QX,51.537318,0.56545
Chelmsford Recycling Centre,CM25PH,51.754867,0.517008
Chigwell Recycling Centre,IG75AA,51.615979,0.056246
Clacton Recycling Centre,CO167BL,51.792926,1.130055
Colchester Recycling Centre,CO34RN,51.871304,0.857991
Dovercourt Recycling Centre,CO123SF,51.925828,1.264525
Harlow Recycling Centre,CM202DY,51.791567,0.129317
Kirby le Soken Recycling Centre,CO130EH,51.854424,1.224026
Lawford Recycling Centre,CO111UW,51.948596,1.054437
Maldon Recycling Centre,CM95UR,51.723651,0.691849
Mountnessing Recycling Centre,CM49AU,51.658831,0.365768
Pitsea Recycling Centre,SS164UH,51.55713,0.504715
Rayleigh Recycling Centre,SS67QF,51.582893,0.604642
Saffron Walden Recycling Centre,CB102UP,52.011544,0.259388
South Woodham Ferrers Recycling Centre,CM35ZA,51.648262,0.604398
Waltham Abbey Recycling Centre,EN91JU,51.68133,-0.004906
West Mersea Recycling Centre,CO58DX,51.780879,0.917388
Witham Recycling Centre,CM83YZ,51.794847,0.64653
Biggleswade,SG188BD,52.083785,-0.261403
EMR Bedford,MK429DT,52.125906,-0.477134
EMR Blackburn,BB13EU,53.752934,-2.457219
EMR Blaydon,NE215RZ,54.968832,-1.704374
EMR Bradford,BD48AE,53.789874,-1.720478
EMR Brentford,TW89HA,51.489986,-0.324945
EMR Canning Town,E164SZ,51.516869,0.00384
EMR Cardiff,CF104ED,51.469448,-3.149799
EMR Chard,TA201BB,50.882431,-2.951558
EMR Coventry,CV65DJ,52.421427,-1.496623
EMR Croydon,CR03DH,51.387637,-0.129027
EMR Darlaston,WS108LW,52.57829,-2.029884
EMR East Tilbury,RM188QR,51.473279,0.409136
EMR Erith,DA82AD,51.477605,0.192905
EMR Gloucester,GL25DF,51.842933,-2.263781
EMR Great Yarmouth,NR303LD,52.599679,1.728106
EMR Hartlepool,TS251NS,54.673051,-1.208776
EMR Hull,HU95PB,53.73784,-0.258245
EMR Kettering,NN156JR,52.382758,-0.72263
EMR Kingsbury,B782LB,52.569537,-1.676385
EMR Leeds,LS90SW,53.779788,-1.502563
EMR Lincoln,LN67AD,53.224525,-0.549772
EMR Liverpool,L201BX,53.447735,-3.005079
EMR Marske,TS116HB,54.590204,-1.02983
EMR Middlesborough,TS21LE,54.584293,-1.241706
EMR Newmarket,CB87ND,52.285129,0.396287
EMR Northampton,NN55JR,52.23436,-0.916263
EMR Norwich,NR50TL,52.656758,1.17739
EMR Oldham Road,M402BP,53.496543,-2.205404
EMR Plymouth,PL40ST,50.368419,-4.115221
EMR Ridham,ME98SR,51.380501,0.758999
EMR Rochdale,OL163DD,53.616372,-2.120999
EMR Rochester,ME24DZ,51.398683,0.511331
EMR Sharpness,GL139UX,51.719151,-2.474105
EMR Shoreham,BN436RN,50.831868,-0.256947
EMR Smethwick,B662PG,52.501302,-1.955403
EMR Southampton,SO145AP,50.912543,-1.383348
EMR St Helens,WA94JA,53.431395,-2.704977
EMR Swindon,SN28DZ,51.573009,-1.764005
EMR Wandsworth,SW84TR,51.472482,-0.138053
EMR Willesden,NW106QY,51.526443,-0.234838
EMR Wolverhampton,WV22HU,52.576322,-2.106645
Gloucester,GL27NG,51.790037,-2.305185
Newcastle,NE166EA,54.898267,-1.73024
Newhaven,BN90AB,50.798332,0.052047
Nottingham,NG72SF,52.934915,-1.182954
Portsmouth,PO35NX,50.819619,-1.053804
Willenhall,WV132QE,52.581474,-2.044462
Yeovil,BA215HA,50.947617,-2.606878
Sefton Reuse,L306TZ,53.483139,-2.958552
West Lancs Recycling,WN89SX,53.545222,-2.79974
Main Office,BR51PF,51.391757,0.079481
Kinneil Kerse Recycling Centre,EH510PU,56.006108,-3.64451
Roughmute Recycling Centre,FK29EG,56.011048,-3.768666
Family First,NG31AA,52.962959,-1.150327
Barrow MRF,LA145UY,54.126364,-3.237949
Ferry Project S.O.F.A,PE132RQ,52.653654,0.155963
Cowdenbeath Recycling Centre,KY49PT,56.109153,-3.36627
Cupar Recycling Centre,KY155YQ,56.318848,-3.007366
Dalgety Bay Recycling Centre,KY119JD,56.043981,-3.347239
Dunfermline Recycling Centre,KY120RX,56.099604,-3.464595
Environmental Services Depot (East),KY154RD,56.325144,-2.985346
Glenrothes Recycling Centre,KY62SY,56.182607,-3.181365
Kirkcaldy Recycling Centre,KY12HD,56.126095,-3.150337
Ladybank Recycling Centre,KY157UL,56.290713,-3.138459
Lochgelly Recycling Centre,KY58LL,56.137286,-3.312186
Methil Recycling Centre,KY82HY,56.192014,-3.023167
Pittenweem Recycling Centre,KY102QJ,56.215972,-2.734247
St. Andrews Recycling Centre,KY168PJ,56.327869,-2.807391
Buckley Household Recycling Centre,CH73LY,53.176877,-3.063836
Mold Household Recycling Centre,CH74ED,53.15109,-3.140403
Refurbs Flintshire,CH65EX,53.250842,-3.14355
Oakenholt Household Recycling Centre,CH65SF,53.238316,-3.110671
Sandycroft Household Recycling Centre,CH52QZ,53.197195,-2.990601
Fly Weee Recycle Limited,M171AY,53.470326,-2.308288
Footprintmatters2u,NP194PQ,51.568385,-2.976
Fox Lindum Green Industries Ltd,LN85RF,53.285999,-0.298504
Wisbech Waste Transfer Station,PE132TQ,52.651934,0.155598
Bulky Blackpool,FY20JG,53.849555,-3.033503
Mellishaw Lane,LA33PT,54.056768,-2.834635
Unit 2 Carlton House Estate,ST41PU,53.006886,-2.184068
Furniture Now,BN72PE,50.877973,0.010069
Furniture Plus,KY12XX,56.129529,-3.122815
Unit 1 Grosvenor House,GL11SZ,51.865379,-2.241184
OLDHAM,OL14EB,53.548234,-2.100808
Campground Transfer Station,NE97XW,54.924792,-1.56717
Local Environmental Services - Park Road,NE83HN,54.961668,-1.586515
Local Environmental Services - Shearlegs,NE83EN,54.963505,-1.590416
Waste and Recycling Centre - Campgound,NE97XW,54.924792,-1.56717
Waste and Recycling Centre - Cowen Road,NE215TW,54.964113,-1.70419
Genuine Solutions Group plc,KT67LD,51.372357,-0.29146
Genuine Solutions UK Ltd,KT92NY,51.35357,-0.310584
Easter Queenslie Complex,G334UL,55.865136,-4.136223
Easter Queenslie Transfer Station,G334UL,55.865136,-4.136223
Shieldhall Disposal Complex,G514SN,55.867094,-4.346681
Glazewing Ltd,PE339RR,52.576708,0.444164
GLJ Recycling Limited,NP117NL,51.635294,-3.133823
Farington Waste Recovery Park,PR266TB,53.709108,-2.702337
FOSSE CROSS RECYCLING CENTRE,GL544NW,51.780381,-1.919437
HEMPSTED HOUSEHOLD RECYCLING CENTRE,GL25DG,51.8598,-2.259872
OAK QUARRY HOUSEHOLD RECYCLING CENTRE,GL73NL,51.744139,-1.711553
PYKE QUARRY,GL60QL,51.686397,-2.222138
WINGMOOR FARM RECYCLING CENTRE,GL519JZ,51.913287,-2.092031
Adswood EcoCentre,SK85QY,53.387248,-2.173708
Altrincham,WA145HQ,53.400909,-2.353524
Arkwright Street HWRC,OL99LZ,53.541479,-2.131633
Ash Road Household Waste & Recycling Cen,M436QU,53.48457,-2.158027
Bayley St TLS,SK151PZ,53.48238,-2.067921
Bayley Street HWRC,SK151PY,53.4831,-2.069777
Bolton TLS,BL32NH,53.565552,-2.408735
Bury HWRC,BL95BJ,53.600817,-2.294639
Bury TLS,BL95BJ,53.600817,-2.294639
Lumns Lane Household Waste Recycling Cen,M278LN,53.520762,-2.314551
Middleton,M241AT,53.550995,-2.193334
North Manchester HWRC,M403EZ,53.50551,-2.179756
North Manchester TLS,M403EZ,53.50551,-2.179756
Radcliffe,M264FT,53.568236,-2.334593
Rose Hill HWRC,SK66HU,53.39595,-2.077693
Sandfold Lane,M193BJ,53.44753,-2.176243
South Manchester HWRC,M224RQ,53.398083,-2.247174
South Manchester TLS,M224RQ,53.398083,-2.247174
Stockport Bredbury HWRC,SK62QN,53.428748,-2.121367
Stockport TLS,SK62SN,53.430039,-2.115546
Stretford,M320RL,53.460439,-2.290611
Waithlands HWRC,OL162AU,53.615367,-2.144078
Edinburgh Depot,EH112SG,55.936539,-3.243964
Greener Solutions,CR43TD,51.405371,-0.175852
GreenTech Recycling Plc,HP109RS,51.604621,-0.700597
Reuse & Recycling Centre,SE280AN,51.492625,0.079257
Waste Transfer Station,SE280AY,51.493311,0.095279
Community Recycling Centre,DN312UD,53.579311,-0.098976
Unit 21,NP225PW,51.757964,-3.283126
Grundon Banbury Transfer Station,OX164RZ,52.059212,-1.317326
Gwyn i Wyrdd,SA146RE,51.794788,-4.07497
H W Martin Waste Ltd Leeds MRF,LS115TD,53.770853,-1.543178
Grundy Skip Hire Ltd,WA88XW,53.350493,-2.769546
JOHNSONS LANE - CA SITE,WA80SJ,53.369188,-2.702432
PICOW FARM - CA SITE,WA74UB,53.336575,-2.747414
HAMBLE DISTRIBUTION LTD,WV46TZ,52.559975,-2.100071
Andover Transfer Station,SP117AQ,51.187519,-1.413542
BASINGSTOKE HWRC,RG248PE,51.279498,-1.067969
BISHOPS WALTHAM HWRC,SO321BH,50.957323,-1.221867
BORDON HWRC,GU350LG,51.120119,-0.867603
CASBROOK HWRC,SO510PG,51.022206,-1.487987
Chineham Transfer Station,RG248LL,51.291956,-1.037314
CITY DEPOT HWRC,SO150LJ,50.915935,-1.460162
EASTLEIGH HWRC,SO509ES,50.97304,-1.367411
EFFORD HWRC,SO418EZ,50.749266,-1.558411
FAIR OAK HWRC,SO507PZ,50.963086,-1.286208
Farnborough [Rushmoor] Transfer Station,GU147QN,51.285378,-0.769089
FARNBOROUGH HWRC,GU147QN,51.285378,-0.769089
ALDERSHOT HWRC,GU124UA,51.246972,-0.737737
ALTON HWRC,GU342QD,51.149029,-0.961103
Alton MRF,GU344JB,51.169172,-0.931114
ANDOVER HWRC,SP105NU,51.211955,-1.451613
Portsmouth MRF,PO35QH,50.820988,-1.053137
SEGENSWORTH HWRC,PO156RQ,50.866812,-1.239491
SOMERLEY (NR RINGWOOD) HWRC,BH243QE,50.860711,-1.828803
Villiers Road Waste Transfer Station,SO153JH,50.919272,-1.431885
Warren Farm Transfer Station,PO176AL,50.858573,-1.143066
WATERLOOVILLE HWRC,PO77FZ,50.88964,-1.048661
WINCHESTER HWRC,SO238RA,51.052059,-1.304842
GOSPORT HWRC,PO138AS,50.796712,-1.167894
HARTLEY WINTNEY HWRC,RG278AD,51.313535,-0.891764
HAVANT HWRC,PO91JN,50.846869,-0.99689
HAYLING ISLAND HWRC,PO119NT,50.784849,-0.959544
HEDGE END HWRC,SO302AL,50.927147,-1.300361
Lymington Transfer Station,SO419BX,50.764153,-1.543247
MARCHWOOD HWRC,SO404UD,50.901554,-1.463421
Marchwood Transfer Station,SO44UD,50.90071,-1.463836
NETLEY HWRC,SO315FF,50.879728,-1.353452
NEW ALRESFORD HWRC,SO249QF,51.081856,-1.172426
Otterbourne Transfer Station,SO212EA,51.01168,-1.352656
Paulsgrove HWRC,PO64UD,50.83896,-1.094315
PETERSFIELD HWRC,GU323LJ,51.003392,-0.947498
Mead Park Depot,CM202SE,51.787956,0.109108
Hartlepool Borough Council - Transfer St,TS251PN,54.679474,-1.211133
HARTLEPOOL HWRC,TS251PL,54.678835,-1.206911
HENRY ORCHARD & SONS LTD,PL242SX,50.372605,-4.749133
Bromyard HWS,HR74QT,52.184085,-2.487505
Hereford City HWS/ TLS,HR26LD,52.040523,-2.676685
Kington Household Recycling Centre,HR53GH,52.199832,-3.024162
Ledbury HWS,HR82DP,52.032813,-2.436179
Leominster HWS/ TLS,HR68EA,52.234183,-2.74404
Ross on Wye HWS,HR97AQ,51.91633,-2.577605
41a Milbrook Street,HR49LF,52.063426,-2.718632
Berkhamsted HWRC,HP41TL,51.767938,-0.581613
Bishops Stortford HWRC,CM235RG,51.873613,0.189166
Buntingford HWRC,SG99PA,51.93996,-0.016787
Cole Green HWRC,SG142NL,51.785694,-0.141944
Elstree HWRC,WD63LS,51.65313,-0.279737
Harpenden HWRC,AL51QB,51.808334,-0.337669
Hemel Hempstead HWRC,HP27DU,51.770208,-0.443443
Hoddesdon HWRC,EN110BZ,51.764134,0.0008
Letchworth HWRC,SG61HB,51.987248,-0.206828
Potters Bar HWRC,EN63JE,51.703816,-0.202974
Rickmansworth HWRC,WD31BN,51.638215,-0.473142
Royston HWRC,SG85HF,52.057507,-0.034734
St Albans HWRC,AL14AP,51.760969,-0.328469
Stevenage HWRC,SG12DF,51.897521,-0.21481
Turnford HWRC,EN80NP,51.719659,-0.035476
Ware HWRC,SG120EL,51.818678,-0.04603
Waste Management Services Depot,EN63JN,51.703793,-0.202966
Achuvoldrach Recycling Centre,IV274YR,58.516091,-4.433721
Alness Recycling Centre,IV170XS,57.691731,-4.269954
Ardachu Recycling Centre,KW96NG,58.017692,-3.875027
Dingwall Recycling Centre,IV159XB,57.601257,-4.449949
Durness Recycling Centre,IV274PN,58.568202,-4.750419
Fort William Recycling Centre,PH336PR,56.825017,-5.085194
Fort William Waste Transfer Station,PH336TL,56.837689,-5.070674
Gairloch Recycling Centre,IV212BW,57.734496,-5.694925
Granish Recycling Centre,PH221QD,57.207732,-3.826208
Grantown Recycling Centre,PH263NH,57.292329,-3.635945
Invergordon Bulking up Station,IV180LE,57.705719,-4.148079
Inverness Recycling Centre,IV11ST,57.487582,-4.226716
Kilchoan,PH364LN,56.732914,-6.190507
Kingussie Recycling Centre,PH211ES,57.077519,-4.050839
Lairg Recycling Centre,IV274EX,57.967647,-4.400917
Nairn Recycling Centre,IV125QN,57.538413,-3.833417
Portree Recycling Centre,IV519HD,57.414835,-6.206084
Seater Recycling Centre,KW14TB,58.459455,-3.156648
Tain Recycling Centre,IV191EB,57.816628,-4.059852
Thurso Recycling Centre,KW147XF,58.572283,-3.563343
Torbreck Recycling Centre,IV274JB,58.170377,-5.275705
Ullapool Recycling Centre,IV262TH,57.908231,-5.178495
Wick Recycling Centre,KW14BP,58.442861,-3.092599
Jubilee Building,LE103DU,52.537215,-1.404489
Unit 3 Risehow Industrial Estate,CA158PD,54.693513,-3.512086
"Unit 4, Joseph Noble Road",CA144JH,54.610306,-3.517763
Homebase DC,NN47DT,52.225067,-0.864091
Octavian Park,NN82DH,52.29017,-0.667981
Hove YMCA,BN412RB,50.850558,-0.231205
Clover Nook Waste Transfer Station,DE554QT,53.089117,-1.350254
Northwood HWRC,DE42LF,53.178731,-1.61061
Electronic World Birmingham,B248DL,52.508321,-1.83268
"Unit 1G, Teaninich Ind. Estate, Alness",IV170XS,57.691731,-4.269954
Impact Housing Association,CA25NE,54.887822,-2.944538
Infoteam Plymouth,PL75JY,50.38579,-4.020532
Infoteam St Columb,TR96SX,50.425237,-4.941977
Infoteam Telford,TF33AH,52.669822,-2.416753
INGRAM MICRO SERVICES LTD,NR66AQ,52.662711,1.282591
Innov8 Disposal,TS176BX,54.557585,-1.304008
Kirn Drive CA site,PA191YT,55.95052,-4.816073
Pottery Street CA Site,PA152UH,55.939626,-4.720102
Gipping House,IP20UH,52.061048,1.130234
Ipswich Furniture Project,IP30EY,52.037488,1.178215
Lynbottom CA Site,PO302PD,50.690761,-1.246331
IT Asset Matters2u Ltd,SA131RU,51.593524,-3.78452
IT Collections Ltd,DE10JU,52.91504,-1.466139
J.M.Recycling Ltd,B112AX,52.460541,-1.837827
Jadestone - Pondacre,PO304LY,50.702122,-1.351545
Bracknell RDC,RG128YA,51.411734,-0.770445
National Returns Centre,B904SH,52.394923,-1.797521
Carter Gear Works,BD38HE,53.796579,-1.716821
Ashford Household Waste Recycling Centre,TN231EL,51.149344,0.853782
Canterbury HWRC,CT11WZ,51.293852,1.105957
Church Marshes HWRC & Transfer Station,ME102QD,51.346389,0.734775
Dartford HWRC,DA13QU,51.442831,0.171539
Deal HWRC,CT149LX,51.225334,1.389647
Dunbrik HWRC & Transfer Station,TN146EP,51.280676,0.13982
Faversham HWRC,ME138YD,51.301086,0.892271
Hawkinge HWRC & Transfer Station,CT187AW,51.126115,1.177775
Manston Rd HWRC,CT94LX,51.370679,1.376823
New Romney HWRC,TN288LH,50.984142,0.951896
North Farm HWRC & Transfer Station,TN23UY,51.154624,0.283581
Pedham Palce HWRC,BR88TE,51.386199,0.189108
Pepperhill HWRC,DA130LX,51.385882,0.357887
Richborough HWRC,CT139NL,51.310178,1.348697
Shorncliffe HWRC,CT203UJ,51.081046,1.141514
Stoneyard HWRC,TN184NT,51.037909,0.502439
Studd Hill HWRC,CT67RY,51.356568,1.096553
Tovil HWRC,ME156TA,51.261419,0.508958
Whitfield HWRC,CT163EH,51.153971,1.291582
Kerrier Recycling Centre,TR153QT,50.222804,-5.274883
Kier Services Environmental,TN221QQ,50.967593,0.085247
BURMA DRIVE WASTE & RECYCLING CENTRE,HU95SD,53.751731,-0.278093
WILMINGTON H. W. R. S.,HU88AU,53.758956,-0.325742
Wiltshire Road Recycling Centre,HU46PA,53.730596,-0.385239
Weaving Lane Waste Transfer Station,WF129QR,53.683165,-1.643813
BROMLEY FARM HWRC,HD88XJ,53.578497,-1.692449
EMERALD STREET HWRC,HD16BY,53.657498,-1.776339
MELTHAM HWRC,HD94AP,53.597453,-1.833467
NAB LANE HWRC,WF170HU,53.737538,-1.641944
WEAVING LANE HWRC,WF129QE,53.682356,-1.639009
Kuehne + Nagel Ltd,OX171LL,52.139298,-1.28368
Kuehne and Nagel,NN82DH,52.29017,-0.667981
KUEHNE AND NAGEL LTD MIDWAY,MK100DG,52.03249,-0.683479
48 Eyre Street,B187AA,52.485441,-1.925502
BURSCOUGH HWRC,L407SR,53.585801,-2.857441
Carnforth HWRC,LA59RQ,54.138237,-2.757845
CHORLEY HWRC,PR73NP,53.638626,-2.632684
CLITHEROE HWRC,BB73BY,53.859019,-2.417508
COLNE HWRC,BB88LD,53.850046,-2.195595
FARINGTON HWRC,PR266PU,53.712497,-2.711716
FLEETWOOD HWRC,FY78TW,53.906722,-3.020081
Garstang HWRC,PR30PH,53.875996,-2.760316
GREAT HARWOOD HWRC,BB67UA,53.785865,-2.393984
HASLINGDEN HWRC,BB45AW,53.716224,-2.320495
LANCASTER HWRC,LA15JS,54.053835,-2.82069
LONGRIDGE HWRC,PR32YB,53.824241,-2.605975
PRESTON HWRC,PR23ZR,53.781393,-2.7485
SKELMERSDALE HWRC,WN86JW,53.562678,-2.791873
ST ANNES HWRC,FY84LS,53.754399,-2.943623
ACCRINGTON HWRC,BB55UU,53.767317,-2.359767
BACUP HWRC,OL130PS,53.689343,-2.229298
BARNOLDSWICK HWRC,BB185EN,53.921272,-2.188607
BURNLEY HWRC,BB102TJ,53.803966,-2.213602
Calverley Bridge Household Waste Site,LS131NW,53.828224,-1.666072
East Leeds Household Waste Site,LS141NR,53.837624,-1.462535
Gamblethorpe Household Waste Site,LS159AD,53.77082,-1.446005
Holmewell Road Household Waste Site,LS101LP,53.790118,-1.532192
"Home Farm, Temple Newsham",LS150AD,53.79008,-1.455052
Kirkstall Road Household Waste Site,LS42HR,53.80557,-1.584104
Meanwood Road Household Waste Site,LS72LP,53.820016,-1.555181
Milners Road Household Waste Site,LS197JE,53.864057,-1.706372
Pudsey Household Waste Site,LS286LG,53.807324,-1.658388
Red Hall,LS178NB,53.842187,-1.474306
Stanley Road Household Waste Site,LS97LP,53.803808,-1.523491
Thorp Arch Household Waste Site,LS237BJ,53.916942,-1.320396
Leeds Reuse Centre,LS277JU,53.752236,-1.629053
COMMUNITY RECYCLING CENTRE,LE53LD,52.639309,-1.101303
Gypsum Close HWRC,LE49AB,52.659539,-1.088661
Transfer Station,LE41BZ,52.671087,-1.161124
Mountsorrel RHWS,LE127TZ,52.735693,-1.151878
BARWELL RECYCLING AND HOUSEHOLD WASTE SI,LE98HE,52.570431,-1.349374
BOTTESFORD RECYCLING AND HOUSEHOLD WAST,NG130EL,52.945536,-0.801663
COALVILLE RECYCLING AND HOUSEHOLD WASTE,LE673LA,52.727052,-1.379688
KIBWORTH RECYCLING AND HOUSHOLD WASTE SI,LE80RB,52.538136,-0.984821
LOUGHBOROUGH RECYCLING AND HOUSEHOLD WAS,LE111HW,52.77662,-1.192244
LOUNT RECYCLING AND HOUSEHOLD WASTE SITE,LE651SD,52.770561,-1.429696
LUTTERWORTH RECYCLING AND HOUSEHOLD WAST,LE174QJ,52.451233,-1.209519
MARKET HARBOROUGH RECYCLING AND HOUSEHOL,LE167PT,52.481525,-0.905194
MELTON RECYCLING AND HOUSEHOLD WASTE SIT,LE130BZ,52.761681,-0.898849
OADBY RECYCLING AND HOUSEHOLD WASTE SITE,LE25JE,52.592377,-1.092646
SHEPSHED RECYCLING AND HOUSEHOLD WASTE S,LE129RP,52.779092,-1.286582
SILEBY RECYCLING AND HOUSEHOLD WASTE SIT,LE127PH,52.73052,-1.102517
SOMERBY RECYCLING AND HOUSEHOLD WASTE SI,LE158DR,52.65063,-0.822415
Whetstone Recycling and Household Waste,LE86JL,52.577006,-1.184345
WHETSTONE TRANSFER STATION,LE86JL,52.577006,-1.184345
Lifecycle Asset Management Limited,B628AN,52.458909,-2.042665
Lighthouse Furniture Project,CM131TE,51.637671,0.354045
Home Distribution Centre,LN67LR,53.203378,-0.583888
Boston HWRC,PE217RQ,52.95826,-0.010286
Bourne HWRC,PE100DN,52.756198,-0.31911
Gainsborough HWRC,DN211QB,53.403822,-0.743176
Grantham HWRC,NG317AH,52.907898,-0.650138
Kirkby on Bain HWRC,LN106YN,53.140722,-0.147292
Lincoln HWRC,LN58HJ,53.224809,-0.527173
Louth HWRC,LN110WA,53.383151,-0.007775
Skegness HWRC,PE252JS,53.148189,0.311618
Sleaford HWRC,NG348ST,52.981835,-0.39972
Spalding HWRC,PE112BB,52.800485,-0.135667
The Rasens HWRC,LN83HA,53.391138,-0.342304
NKDC Waste and street scene depot,LN43BS,53.140381,-0.389211
Lindum Waste Recovery,LN12LR,53.261835,-0.637461
Airdrie,ML68QH,55.849176,-3.950304
Bolton,BL32JT,53.562609,-2.415714
Edmonton,N183AH,51.613004,-0.047047
Worcester,WR38SG,52.218472,-2.196726
Newton Road Recycling Centre,L133HS,53.416596,-2.928647
Unit 9 Block 2,G823PD,55.969484,-4.57635
Foots Cray Reuse & Recycling Centre,DA145HS,51.416093,0.123027
Thames Road Reuse and Recycling centre,DA15QJ,51.457129,0.201999
Churchfields Road Reuse & Recycling Cent,BR34QY,51.405599,-0.046565
Waldo Road Reuse & Recycling Centre,BR29RB,51.397444,0.036321
FACTORY LANE REUSE AND RECYCLING CENTRE,CR03RL,51.37715,-0.112686
FISHERS FARM REUSE AND RECYCLING CENTRE,CR00LF,51.342259,-0.019566
PURLEY OAKS REUSE AND RECYCLING CENTRE,CR26ER,51.351252,-0.098854
Space Waye Reuse and Recycling Centre,TW140TH,51.461936,-0.410668
Vale Street Reuse & Recycling Centre,SE279PH,51.428883,-0.095878
Recycling and Waste Reception Centre,SE145RS,51.484643,-0.04483
"Reuse and Recycling Centre, Garth Road",SM44AX,51.384945,-0.228887
"Reuse and Recycling Centre, Weir Road",SW198UG,51.435498,-0.19104
Reuse & Recycling Centre,SE151AL,51.482152,-0.057211
KIMPTON PARK WAY RRC,SM39QP,51.377393,-0.207787
Northumberland Wharf,E149RG,51.505039,-0.006854
Loop Management Services LIV,E107QP,51.570969,-0.042906
HOUSEHOLD WASTE RECYCLING CENTRE,LU49TR,51.914419,-0.47857
Luton Borough Council Central Depot,LU48AU,51.887178,-0.44171
Saunders Park Depot,BN24AY,50.840541,-0.124402
Promenade Park Waste Transfer Station,CM95UR,51.723651,0.691849
Halesowen Metals,B628HN,52.470849,-2.039938
Mason Metals Ltd,DY51TA,52.476776,-2.113656
Blackpits Recycling Centre,NN135QD,52.0786,-1.15703
Lampcare Glasgow,G226DB,55.8878,-4.250492
Lampcare Harlow,CM202SE,51.787956,0.109108
MDR Bucks,HP84EG,51.643058,-0.591649
MDR Enfield,EN36EW,51.666926,-0.026797
MDR Huddersfield,HD50JS,53.651264,-1.732904
MDR Newcastle,NE286BY,54.984268,-1.538873
MDR Northampton,NN84JU,52.302857,-0.697385
MDR Nottingham,NG156QB,53.034901,-1.236482
MDR Torquay,PL311DQ,50.458484,-4.708741
Bristol Waste Recycling Facility,BS20XS,51.444467,-2.569876
May Gurney - Keynsham Depot,BS311SX,51.413427,-2.478008
Cuxton HWRC,ME21LF,51.37761,0.463545
Hoath Way HWRC,ME80QH,51.363873,0.578644
Veolia Waste Transfer Station,ME24DZ,51.398683,0.511331
Mercury Recycling Limited,M171HW,53.461678,-2.312082
Bidston Moss Household Waste Recycling C,CH411EB,53.408386,-3.057827
Bidston Waste Transfer Station,CH411EB,53.408386,-3.057827
Clatterbridge Household Waste & Recyclin,CH636JE,53.335171,-3.021563
Formby Household Waste Recycling Centre,L378EG,53.554847,-3.041669
Gillmoss Transfer Station,L105HA,53.461114,-2.913954
Huyton Household Waste Recycling Centre,L366BJ,53.406988,-2.820386
Huyton Waste Transfer Station,L366BJ,53.406988,-2.820386
Kirkby Household Waste and Recycling Cen,L333AR,53.489793,-2.848978
Newton-le-Willows HWRC,WA128DN,53.447984,-2.643216
Otterspool HWRC,L175AR,53.36944,-2.938037
Rainford HWRC,WA118EY,53.499333,-2.784104
Rainhill HWRC,L354NX,53.418141,-2.765531
Ravenhead HWRC,WA95EA,53.44594,-2.74194
Sefton Meadows HWRC,L318BX,53.506657,-2.959051
South Sefton Recycling Park,L204AE,53.450224,-2.999944
Southport HWRC,PR97RS,53.63951,-2.969006
Southport Waste Transfer Station,PR97RS,53.63951,-2.969006
West Kirby HWRC,CH485HR,53.378826,-3.179989
Aberfan Civic Amenity Site,CF484QE,51.695847,-3.346382
Dowlais Civic Amenity Site,CF483DA,51.758357,-3.361991
MG Domestics,SP47LN,51.155357,-1.765596
MG Waste Management,M154AL,53.462769,-2.258379
Mick George Ltd,NN141RS,52.443037,-0.753505
Microtek Services Ltd,LS197XY,53.864348,-1.693536
Brome Community Recycling Centre,IP237HN,52.339162,1.133067
Mid Suffolk/Babergh JCT Depot,IP145AT,52.18946,1.00138
Midex Reverese Technologies Limited,GU124RH,51.243437,-0.737705
Midex Reverse Technologies Limited,GU124RH,51.243437,-0.737705
Midlands Co-op Society Distribution Depo,LE31UJ,52.6328,-1.199245
Midlands Co-operative Society,S402NQ,53.233283,-1.436977
Midlothian Council,EH224NU,55.859705,-3.06359
MillRace IT,CM83UU,51.795951,0.64739
COMMUNITY RECYCLING CENTRE,MK130AH,52.065623,-0.79183
Minnikin IT Recycling Ltd,NE340LW,54.974824,-1.450447
Five Lanes Civic Amenity Site,NP263AY,51.621162,-2.81899
Llanfoist Civic Amenity Site,NP79AQ,51.813347,-3.023272
Mitchel Troy Civic Amenity Site,NP254HX,51.79835,-2.714902
Usk Civic Amenities Site,NP151AB,51.7028,-2.90333
Moores Metals,ST43EZ,52.996107,-2.145596
Briton Ferry Household Waste Recycling C,SA112HZ,51.626485,-3.824893
Margam Street Household Recycling Centre,SA133EE,51.651451,-3.651589
PWLLWATKIN,SA84RX,51.763662,-3.892926
New Start Highland,IV38EX,57.487105,-4.249028
11 Kidderminster Road,B617JJ,52.333208,-2.065407
BRUNSWICK HWRC,NE137BA,55.046644,-1.644189
BYKER HWRC,NE63JL,54.966024,-1.562651
WALBOTTLE HWRC,NE159RU,54.981814,-1.734404
Byker Waste Plant,NE61AH,54.96781,-1.574753
Knutton Lane Depot,ST52HU,53.005494,-2.234253
CIVIC AMENITY SITE,NP202NS,51.570897,-3.000223
NHCVS Furniture Link Showrooms (Phase 3),SG61PF,51.985674,-0.20683
Bagnall Street Depot,DY47BS,52.536152,-2.028744
Slutchers Lane,WA11QL,53.381596,-2.600077
Caister Transfer Station,NR305BE,52.647969,1.724556
Costessey Transfer Station (NEWS),NR50TL,52.656758,1.17739
Kings Lynn Transfer Station (NEWS),PE304NG,52.734387,0.407483
Kings Lynn Transfer Station (SINGH),PE343AL,52.733884,0.381428
Rackheath Transfer Station,NR136LH,52.674941,1.372605
Arran Transfer Station,KA278ED,55.576079,-5.131212
Bartonholm Household Waste and Recycling,KA128SH,55.628435,-4.67728
Dreghorn Household Waste and Recycling C,KA114AJ,55.610145,-4.618102
Kilbirnie Household Waste Recycling Cent,KA257EQ,55.749695,-4.683784
Largs Household Waste and Recycling Cent,KA309PR,55.784936,-4.85651
Shewalton Transfer Station,KA115DF,55.59497,-4.643711
Auchinlea Waste Disposal and Recycling C,ML15LR,55.810265,-3.904343
Bellshill Waste Disposal and Recycling C,ML41RR,55.823521,-4.007098
Dalmacoulter Waste Disposal and Recyclin,ML67UD,55.880502,-3.967101
Lady Anne HWRC,ML69PZ,55.862163,-3.96579
Netherton Recycling Centre,ML20JG,55.771126,-3.945144
Stobcross Recycling Centre,ML54AA,55.854318,-4.03508
Wardpark Recycling and Waste Disposal Ce,G673EH,55.966857,-3.961077
HOUSEHOLD RECYCLING CENTRE,DN214NN,53.477768,-0.582876
NLC WASTE TRANSFER STATION,DN161DQ,53.580786,-0.629828
Ashley Road Depot,N179AY,51.594258,-0.060268
Barnet Homes,NW95TD,51.604424,-0.246353
Barrowell Green Reuse and Recycling Cent,N213AU,51.625849,-0.093797
Leyton Reuse and Recycling Centre,E105BY,51.558996,-0.01605
LondonWaste Ltd,N183AG,51.612813,-0.044802
Park View Road Reuse and Recycling Centr,N179AY,51.594258,-0.060268
Restore Community Projects,N179LJ,51.590201,-0.061123
South Access Rd Reuse and Recycling Cent,E107AS,51.574332,-0.037523
Western Road Reuse and Recycling Centre,N226UG,51.592333,-0.113767
Weston super Mare HWRC,BS228NA,51.343964,-2.944252
Weston super Mare Refuse Transfer Statio,BS228NA,51.343964,-2.944252
Backwell HWRC,BS483JF,51.410103,-2.733098
North Tyne Community Hub CIC,NE286HA,54.991493,-1.507295
North Tyneside Transfer Station,NE297SH,54.999275,-1.481266
NTC Household Waste Recycling Centre,NE297SH,54.999275,-1.481266
North West Electronics Recycling Centre,L137HP,53.420217,-2.925522
Burniston Household Waste Recycling Cent,YO130DA,54.308885,-0.424241
Catterick Bridge Household Waste Recycli,DL107JQ,54.396985,-1.657608
Craven District Council Depot,BD231PS,53.960986,-2.025431
Harrogate Household Waste Recycling Cent,HG31DE,53.985965,-1.496756
Leeming Bar Household Waste Recycling Ce,DL79UJ,54.306383,-1.567164
Leyburn Household Waste Recycling Centre,DL85LA,54.314956,-1.8429
Malton Household Waste Recycling Centre,YO177BS,54.141279,-0.795486
Northallerton Household Waste Recycling,DL70LG,54.347371,-1.455355
Ripon Household Waste Recycling Centre,HG41TT,54.129257,-1.513392
Ryedale District Council Depot,YO176BT,54.143172,-0.797953
Seamer Carr Household Waste Recycling Ce,YO124QA,54.226809,-0.418346
Selby Household Waste Recycling Centre,YO88AG,53.780988,-1.060684
Settle Household Waste Recycling Centre,BD249AB,54.065868,-2.28526
Skibeden Household Waste Recycling Centr,BD236AB,53.970484,-1.981004
Sowerby Household Waste Recycling Centre,YO71JS,54.21885,-1.334957
Stokesley Household Waste Recycling Cent,TS95PT,54.461802,-1.175616
Tadcaster Household Waste Recycling Cent,LS249SG,53.882509,-1.268338
Tholthorpe Household Waste Recycling Cen,YO611SJ,54.092949,-1.2754
Thornton le Dale Household Waste Recylin,YO187RA,54.209619,-0.720864
West Harrogate Household Waste Recycling,HG32SN,53.997434,-1.616471
Whitby Household Waste Recycling Centre,YO224NJ,54.472265,-0.599493
Wombleton Household Waste Recycling Cent,YO627RJ,54.249923,-0.976087
Westbridge Depot Transfer Station,NN55JW,52.235207,-0.912919
Brixworth HWRC,NN69RB,52.351527,-0.849753
Corby HWRC,NN173JG,52.488696,-0.647646
Daventry HWRC,NN114NS,52.256242,-1.18704
Ecton Lane HWRC,NN35HQ,52.251904,-0.803402
Kettering HWRC,NN168LD,52.408557,-0.733925
Northampton Transfer Station,NN47DT,52.225067,-0.864091
Rushden HWRC,NN106AL,52.302024,-0.605221
Sixfields,NN55QL,52.237706,-0.932261
Towcester HWRC,NN128AW,52.141401,-1.00684
Wellingborough,NN84BZ,52.321259,-0.681806
Wollaston HWRC,NN297PU,52.249667,-0.705244
Allendale Household Waste Recovery Centr,NE479LG,54.897557,-2.24906
Alnwick Household Waste Recovery Centre,NE662HT,55.397326,-1.690057
Alnwick Waste Transfer Station,NE662HT,55.397326,-1.690057
Bebside Household Waste Recovery Centre,NE244HN,55.124787,-1.566376
Berwick Household Waste Recovery Centre,TD151UN,55.788792,-2.017611
Berwick Waste Transfer Station,TD151UN,55.788792,-2.017611
Cowley Rd Depot,NE245TF,55.133363,-1.533345
Haltwhistle Household Waste Recovery Cen,NE490ET,54.971235,-2.449264
Hexham Household Waste Recovery Centre,NE464DL,54.979515,-2.091021
Hexham Waste Transfer Station,NE464DL,54.979515,-2.091021
Kirkley Thorn Household Waste Recovery C,NE200AG,55.07963,-1.775343
North Seaton Household Waste Recovery Ce,NE630YB,55.167527,-1.549853
North Sunderland Household Waste Recover,NE687UP,55.57766,-1.667655
West Sleekburn Transfer Station,NE227LQ,55.156248,-1.564308
West Wylam Household Waste Recovery Cent,NE425EH,54.964983,-1.836302
Whorral Bank Household Waste Recovery Ce,NE613AB,55.171299,-1.658667
Wooler Household Waste Recovery Centre,NE716QG,55.54268,-2.006955
Lenton HWRC,NG72UJ,52.934047,-1.179263
Woolsthorpe Depot,NG83JP,52.960927,-1.213087
BILSTHORPE HWRC,NG228UA,53.139301,-1.023236
CALVERTON HWRC,NG146NR,53.043599,-1.100848
Daneshill,DN228RB,53.36892,-0.980406
GILTHILL HWRC,NG162HR,53.001764,-1.276315
HUCKNALL HWRC,NG157SZ,53.03248,-1.187028
Kirkby,NG177JZ,53.108767,-1.238056
KIRKBY HWRC,NG177JZ,53.108767,-1.238056
Langar,NG139HP,52.900174,-0.913911
MANSFIELD HWRC,NG185PT,53.146575,-1.207708
Retford,DN227LB,53.32823,-0.948703
RETFORD HWRC,DN227LB,53.32823,-0.948703
Stapleford,NG98AU,52.932586,-1.263992
VEOLIA ES NOTTS FREETH STREET,NG23GT,52.943787,-1.130505
WARSOP HWRC,NG200JG,53.196022,-1.152463
WEST BRIDGFORD HWRC,NG27HA,52.918635,-1.14584
WORKSOP HWRC,S803HA,53.313588,-1.146894
Newark Recycling Centre,NG242EG,53.083293,-0.790884
Veolia Worksop Transfer Station,S817DJ,53.321912,-1.147194
Veolia Welshcroft Transfer Station,NG178EP,53.107851,-1.249561
Oden Services UK Ltd,PO35JF,50.830186,-1.060576
Cursiter Recycling Centre,KW151TT,58.995521,-3.093681
Garson Recycling Centre,KW163JU,58.975974,-3.273805
Hatston Recycling Centre,KW151FL,58.99248,-2.977595
St Margaret's Hope Recycling Centre,KW172TJ,58.808198,-2.94094
OSKAR'S,PA31QS,55.852404,-4.439905
Alkerton Waste Recycling Centre,OX156HZ,52.0888,-1.446203
Ardley Waste Recycling Centre,OX277PH,51.933273,-1.215923
Dean Waste Recycling Centre,OX73JY,51.895122,-1.507181
Dix Waste Recycling Centre,OX295SL,51.746616,-1.409419
Drayton Waste Recycling Centre,OX144LA,51.638625,-1.314121
Oakley Wood Waste Recycling Centre,OX106QQ,51.590081,-1.076733
Redbridge Waste Recycling Centre,OX14XG,51.73168,-1.249885
Stanford Waste Recycling Centre,SN78HE,51.645005,-1.533352
Parry and evans,sy217df,52.653471,-3.139794
Crane Cross Civic Amenity & Recycling Ce,SA699EE,51.700564,-4.743038
Hermon CA & Recycling Centre,SA413QT,51.957177,-4.631405
Manorowen CA & Recycling Centre,SA659QE,51.980459,-5.007838
St Davids CA & Recycling Centre,SA626BY,51.898485,-5.222262
Waterloo CA & Recycling Centre,SA724RT,51.695151,-4.924919
Winsel CA & Recycling Centre,SA611XG,51.780601,-4.99862
Fleet Street Depot,BB97YQ,53.843286,-2.214958
Pendragon GB Limited,SA146PW,51.76885,-4.071055
PENRITH CO-OPERATIVE,CA117TD,54.665207,-2.752122
Bankfoot Recycling Centre,PH14AZ,56.498287,-3.510877
Blairgowrie Recycling Centre,PH106NB,56.585704,-3.325699
Crieff Recycling Centre,PH73RU,56.363251,-3.821378
Friarton Recycling Centre,PH28DF,56.378122,-3.427932
Kinross Recycling Centre,KY138GA,56.200233,-3.42394
Pitlochry Recycling Centre,PH165LY,56.697676,-3.718592
Amey,PE15BG,52.57241,-0.223746
Dogsthorpe Householders Recycling Centre,PE13TD,52.603372,-0.223543
WEEE Re-use,PE15XG,52.574407,-0.209512
Chelson Meadow HWRC,PL97JA,50.371636,-4.102258
Weston Mill civic amenity site,PL52AR,50.402476,-4.174956
PME Recycling Limited,OL112PU,53.593928,-2.166018
Llandirndod Wells HWRC,LD16BH,52.244808,-3.379689
Lower Cwmtwrch HWRC,SA92HW,51.771555,-3.7793
Machynlleth Waste and Recycling Site,SY208BL,52.595097,-3.854659
Newtown CA Site,SY163DN,52.515247,-3.286441
Potters Recycling CA site,SY217YE,52.657497,-3.138467
Waste Transfer Station - Brecon,LD30RN,51.977533,-3.297651
Y Ffaldau CA site,LD15UD,52.258467,-3.271245
Ystradgynlais Waste and Recycling Site,SA92QQ,51.788654,-3.786498
Brecon Recycling Centre,LD38LA,51.94151,-3.411026
Preen CIC,SG180BP,52.091691,-0.266637
Argyll Road Depot,PR16JY,53.767421,-2.693939
Leicester,LE50NT,52.647229,-1.103735
WEEE Stop,MK113HB,52.047604,-0.823532
Chilton Waste Services,OX110ST,51.563223,-1.282508
Civic Amenity Site,RG20RP,51.433427,-0.986092
ReBOOT,IV362GU,57.60761,-3.6372
Reclaimed Appliances (UK) Ltd,PE282SH,52.390688,-0.099923
Reclaimed Appliances Ltd,PE216BN,52.970513,-0.019531
Recycle Telecom Ltd,EN91JH,51.681775,-0.003356
RE-CYCLERS ORGANISATION,L337SG,53.478033,-2.857798
Recycling in Ottery,EX111QS,50.753751,-3.285479
Recycling Lives Centre DCF,PR11QE,53.766717,-2.697462
Recycling Lives Charity DCF,PR11PE,53.768329,-2.699761
Recycling Lives Kent Street DCF,PR11PE,53.768329,-2.699761
Whitecross Industry Park,KY63BQ,56.198339,-3.219354
Recyk,WV109DS,52.598728,-2.111749
DUNSDALE HOUSEHOLD WASTE RECYCLING CENTR,TS146RG,54.550391,-1.04622
WARRENBY RECYCLING CENTRE,TS105AW,54.617455,-1.095679
Redeem Ltd,FK29EQ,56.010846,-3.766459
Redgate Lane Transfer Station,M124RY,53.466014,-2.201338
Refurb(Wyre & Fylde)Ltd,FY76RS,53.917989,-3.018018
Refurbiz Limited,SN102EH,51.368388,-1.966739
Units 4&5 Redlake Trading Estate,PL210EZ,50.393937,-3.888632
Regenersis (Glasgow) Ltd,PA49RF,55.879277,-4.445349
Regenersis Eurocourt,RM203EE,51.471135,0.268265
Reisswolf London Ltd,LU74WG,51.906943,-0.656992
Erskine HWRC,PA86BX,55.906601,-4.465117
Foxbar HWRC,PA20EZ,55.825448,-4.472386
Johnstone HWRC,PA58HP,55.83919,-4.500635
Linwood HWRC,PA33DP,55.852941,-4.487601
Renfrew HWRC,PA40AJ,55.872262,-4.383585
Underwood Road HWRC,PA31TL,55.849154,-4.436362
Underwood Refridgerator Storage Area,PA31TL,55.849154,-4.436362
REQUIPIT,EH65HD,55.969342,-3.173687
Respond (Thamesmead) Limited,SE280AX,51.494171,0.098011
Rethink Europe Limited - Uttoxeter,ST148LP,52.867098,-1.801082
Rethink Europe Ltd - Falkirk,FK29EG,56.011048,-3.768666
Oswestry CIC,SY108GA,52.84513,-3.041897
Reviive CIC Chester,ch14qj,53.19269,-2.925987
Reviive CIC Shrewsbury,sy13ab,52.745851,-2.739882
Reviive CIC Telford,tf28aa,52.716497,-2.446154
ReWorth LLP,CB98PP,52.074281,0.445481
RE:SOURCE,PL312RJ,50.477284,-4.700597
Too Good To Waste,CF390RF,51.629302,-3.41116
Dinas CA site,CF399BL,51.614463,-3.416069
Ferndale CA site,CF434RS,51.662476,-3.448598
Treforest CA site,CF375YB,51.570538,-3.292876
Llantrisant CA site,CF728LP,51.561647,-3.377889
Treherbert CA site,CF425HZ,51.670559,-3.531861
Ripon Recycling Limited,HG31JL,53.957235,-1.533555
Depot at Rear of Fire Station,SS41BW,51.58184,0.70755
Rocolo Limited,DH58AH,54.843391,-1.460985
CARR HILL H.W.R.C.,S614QL,53.448326,-1.362572
LIDGET LANE H.W.R.C.,S654LY,53.429659,-1.261516
MAGILLA H.W.R.C.,S254JJ,53.36602,-1.235762
WARREN VALE H.W.R.C.,S627TL,53.478542,-1.418322
The Villiers Road Recycling Centre,KT13BE,51.402721,-0.2924
RPC Recycle,B797TA,52.638497,-1.707411
COTTESMORE CIVIC AMENITY SITE,LE157BN,52.704074,-0.667654
NORTH LUFFENHAM CIVIC AMENITY SITE,LE159DW,52.605198,-0.632114
S2S Electronics Ltd,S635DJ,53.509829,-1.331615
S3 Interactive Ltd,G812QP,55.907489,-4.411971
Household Waste and Recycling Centre,B692BP,52.499773,-2.024925
Taylors Lane,B692BU,52.502884,-2.023321
Duns Community Recycling Centre,TD113HS,55.770343,-2.336863
Eshiels Community Recycling Centre,EH458NA,55.647896,-3.14735
Eyemouth Community Recycling Centre,TD145SF,55.865429,-2.089403
Galashiels Community Recycling Centre &,TD12NT,55.617073,-2.762116
Hawick Community Recycling Centre,TD98AW,55.430916,-2.772341
Kelso Community Recycling Centre,TD58DW,55.590805,-2.424877
Selkirk Riverside Recycling Centre,TD75DU,55.554331,-2.842333
Conwy Furniture Reclaim,LL297PE,53.293442,-3.724939
Conwy Furniture Reclaim WEEE Centre,LL285HA,53.290821,-3.766306
Enterprise Recycling Grazeley,RG71LL,51.392031,-1.005454
"Unit C Brooklands Courtyard, 1st Avenue",SO150LJ,50.915935,-1.460162
PSH Environmental Ltd,NR136LH,52.674941,1.372605
Servicecare Oldham,OL97AA,53.517866,-2.148831
Denby Dale Road HWRC,WF27AH,53.668105,-1.505725
Glasshoughton HWRC,WF105JW,53.710414,-1.359786
South Kirkby HWRC,WF93SD,53.598279,-1.316468
Welbeck HWRC,WF62JA,53.694994,-1.449604
Sheffield City Council (Beighton) HWRC,S137PS,53.355915,-1.361142
Sheffield City Council (Blackstock) HWRC,S362BT,53.483924,-1.58923
Sheffield City Council (Deepcar) HWRC,S362BT,53.483924,-1.58923
Sheffield City Council (High Green) HWRC,S354GR,53.478178,-1.492369
Veolia Environmental Services,S212DR,53.328002,-1.302582
Shekinah Trading,PL13PE,50.368639,-4.159291
Gremista Waste Management Facility & Rec,ZE10PX,60.169353,-1.166141
Peninsula Community Recycling Centre,IP91EF,51.988076,1.22299
ShP Limited Head Office,LA11PP,54.048007,-2.797104
BATTLEFIELD IWMF,SY13EH,52.746194,-2.741446
CIVIC PARK IWMF,SY131TT,52.965401,-2.66795
FARADAY DRIVE IWMF,WV155BA,52.529807,-2.402097
LONG LANE IWMF,SY78DU,52.447989,-2.842733
OSWESTRY IWMF,SY108GA,52.84513,-3.041897
North Shropshire Furniture Scheme,SY45JX,52.856439,-2.724686
EcoHouse,WF61RL,53.702198,-1.392511
Silver Lining Industries Limited,HX48LR,53.694535,-1.856742
Sims Metal Management Alfreton,DE554NH,53.084984,-1.353974
Blackpool Transfer Station,FY45NQ,53.794278,-3.005849
Brixton Transfer Station,SE240LA,51.455828,-0.10711
Charlton Lane Transfer Station,TW178QA,51.403408,-0.441078
Clifton Marsh Chemical Store,PR40XE,53.757974,-2.817931
Epsom Transfer Station,KT199DL,51.343434,-0.261922
Hayes Transfer Station,UB31ET,51.506499,-0.441301
Kendal Fell Transfer Station,LA95RT,54.325195,-2.760772
Mitcham Transfer Station,CR43BQ,51.402725,-0.176816
Pendle HWRC,BB88LB,53.849426,-2.193117
Pendle Transfer Station,BB88LB,53.849426,-2.193117
Roman Road Transfer Station,BB12LD,53.723081,-2.461124
Salt Ayre Transfer Station,LA15JS,54.053835,-2.82069
Slyfield Transfer Station,GU11RU,51.260862,-0.564504
Wandsworth Transfer Station,SW84RT,51.476461,-0.132059
Wimbledon Transfer Station,SW198UG,51.435498,-0.19104
North Tyneside Transfer Station,NE297SH,54.999275,-1.481266
Wesley Way Waste Transfer Station,NE129TA,55.025302,-1.534914
Skelton Ltd,LS90SW,53.779788,-1.502563
Chalvey Waste and Recycling Centre,SL12SF,51.503634,-0.608792
SMR Phoenix,EX363BQ,51.018264,-3.836249
Days Lane,BS20QA,51.455161,-2.571103
Bridgwater HWRC,TA63JG,51.137002,-3.003823
Chaffcombe HWRC,TA201RP,50.883261,-2.952229
Cheddar HWRC,BS273EB,51.272925,-2.784154
Coleford HWRC,BA35RU,51.245268,-2.441018
Crewkerne HWRC,TA187HE,50.882101,-2.785819
Dimmer HWRC,BA77NR,51.085183,-2.546429
Dimmer Transfer Station,BA77NR,51.085183,-2.546429
Dulcote HWRC,BA53PZ,51.19874,-2.626735
Dulverton HWRC,TA229AA,51.029432,-3.53979
Frome HWRC,BA114RN,51.221141,-2.327997
Highbridge HWRC,TA94PW,51.220488,-2.965711
Middlezoy HWRC,TA79BP,51.114618,-2.852373
Minehead HWRC,TA245BJ,51.203498,-3.46849
Poole HWRC,TA219HW,50.989899,-3.21196
Priorswood HWRC,TA28QY,51.029111,-3.080969
Priorswood Transfer Station,TA28QY,51.029111,-3.080969
Somerton HWRC,TA116SB,51.059126,-2.747707
Street HWRC,BA160BB,51.128232,-2.740562
Williton HWRC,TA44RA,51.162888,-3.323208
Yeovil HWRC,BA228RP,50.948543,-2.680531
Girvan Community Recycling Centre,KA269HG,55.245863,-4.853715
Maybole Community Recycling Centre,KA197BA,55.352056,-4.681195
Prestwick Communtiy Recycling Centre,KA92NS,55.499519,-4.591619
Troon Community Recycling Centre,KA106QR,55.544947,-4.665284
Walker Road Transfer Station,KA89LE,55.471944,-4.614704
Stoke Gifford SORT IT!* Centre,BS346HW,51.530012,-2.564731
Thornbury SORT IT!* Centre,BS353UT,51.601708,-2.520657
Yate SORT IT!* Centre,BS375ND,51.546419,-2.431955
Cadzow Dam Waste Transfer Station,ML38RU,55.73851,-4.064188
Carluke Household Waste Recycling Centre,ML85UF,55.742188,-3.845385
East Kilbride Civic Amenity Site/Recycli,G745BU,55.766857,-4.213085
Eastfield Civic Amenity Site/Recycling C,G733NL,55.823535,-4.192098
Hamilton Civic Amenity Site/Recycling Ce,G720JB,55.780897,-4.084258
Larkhall Civic Amenity Site/Recycling Ce,ML92HH,55.738045,-3.968284
Strathaven Civic Amenity Site/Recycling,ML106UB,55.685523,-4.057131
Farthinghoe Reuse and Recycling Centre,NN135BP,52.030591,-1.136185
Moss Side Depot,PR267QR,53.698335,-2.726108
RECYCLING VILLAGE,NE340NU,54.973748,-1.445273
South West Computer Recycling Ltd,EX167GW,50.944174,-3.322696
Central Cleansing Depot,SS25QX,51.554418,0.713798
Leigh Marsh,SS92ET,51.541174,0.639944
Stock Road,SS25QF,51.557174,0.710731
Enterprise MRS,AL49XR,51.769206,-0.319851
St Catherine's Donation Centre DCF,PR55XU,53.720825,-2.681332
St Judes Furniture Store,LS119EH,53.789514,-1.553146
CHAS @ St. Vincents,BD30DZ,53.800759,-1.743784
Chester & Ellesmere Pt. Furniture Scheme,CH653DU,53.284931,-2.91655
St. Helens Waste Recycling Ltd,WA94HU,53.42669,-2.704177
BEMERSLEY HOUSEHOLD WASTE RECYCLING CENT,ST87QT,53.088835,-2.174757
BILBROOK HOUSEHOLD WASTE RECYCLING CENTR,WV81JJ,52.627914,-2.174685
BURNTWOOD HOUSEHOLD WASTE RECYCLING CENT,WS78JQ,52.681023,-1.942359
BURTON HOUSEHOLD WASTE RECYCLING CENTRE,DE142AU,52.80619,-1.654304
CANNOCK HOUSEHOLD WASTE RECYCLING CENTRE,WS112JZ,52.70385,-2.026137
CHEADLE HOUSEHOLD WASTE RECYCLING CENTRE,ST101FB,52.978676,-2.00791
LEEK HOUSEHOLD WASTE RECYCLING CENTRE,ST136BH,53.111822,-2.015942
LEYCETT HOUSEHOLD WASTE RECYCLING CENTRE,ST56AD,53.013205,-2.316659
LICHFIELD HOUSEHOLD WASTE RECYCLING CENT,WS136EU,52.686552,-1.807176
RUGELEY HOUSEHOLD WASTE RECYCLING CENTRE,WS152HE,52.765647,-1.933785
STAFFORD HOUSEHOLD WASTE RECYCLING CENTR,ST163DR,52.824348,-2.113411
Stone Household Waste Recycling Centre,ST150NN,52.888726,-2.149234
UTTOXETER HOUSEHOLD WASTE RECYCLING CENT,ST147BW,52.904449,-1.865746
WOMBOURNE HOUSEHOLD WASTE RECYCLING CENT,DY34RA,52.519821,-2.207297
CAVENDISH ROAD DEPOT,SG12ES,51.90579,-0.223969
Callandar Civic Amenity Site,FK178LD,56.23778,-4.200099
Lower Polmaise HWRC,FK77JW,56.103043,-3.871761
Sita HWRC,TS231PY,54.590851,-1.261764
Cromer Road Waste Transfer Station,ST16QN,53.028171,-2.160287
AYCLIFFE QUARRY TRANSFER STATION,DL56NB,54.592855,-1.557008
DRINKFIELD HWRC,DL30EX,54.547248,-1.548048
DRINKFIELD WTS,DL30EX,54.547248,-1.548048
SUEZ Recycling and Recovery UK lTD,EX51EW,50.699599,-3.391389
Altens East MRF,AB123GX,57.11951,-2.062646
Beccles HWRC,NR349BB,52.464163,1.56403
Bramford HWRC,IP84NS,52.083099,1.090478
Brome HWRC,IP237HN,52.339162,1.133067
Bury St Edmunds HWRC,IP332RN,52.235824,0.726449
Chelmondiston HWRC,IP91EF,51.988076,1.22299
Felixstowe HWRC,IP118UT,51.948576,1.326757
Foxhall HWRC,IP100HT,52.049008,1.264356
Hadleigh HWRC,IP76AH,52.049287,0.966239
Haverhill HWRC,CB97UR,52.076461,0.453263
Ingham HWRC,IP311NP,52.304306,0.717791
Ipswich HWRC,IP12DW,52.055738,1.139258
Leiston HWRC,IP164UJ,52.209477,1.614252
Lowestoft HWRC,NR337NF,52.445218,1.717306
Mildenhall HWRC,IP287BY,52.349535,0.508663
Newmarket HWRC,CB80AN,52.255583,0.3904
Southwold HWRC,IP186AZ,52.330441,1.67346
Stowmarket HWRC,IP141JQ,52.196805,0.991585
Sudbury HWRC,CO107HG,52.033832,0.713234
HOUSEHOLD WASTE RECEPTION&RECYCLING SITE,SR46BU,54.911866,-1.393825
South Hylton House Depot,SR40JL,54.901342,-1.444368
Jack Crawford House Waste Transfer Station,SR28QR,54.894205,-1.36526
Sunersol Limited,WF160EP,53.708106,-1.611622
Superhighways Partnership,KT26LX,51.412991,-0.298575
EARLSWOOD,RH16PN,51.220534,-0.172911
BOND ROAD CA SITE,CR69SD,51.308647,-0.049824
CHALDON ROAD COMMUNITY RECYCLING CENTRE,CR35PG,51.286077,-0.093043
CHARLTON LANE TS,TW178QA,51.403408,-0.441078
EPSOM TRANSFER STATION,KT199DL,51.343434,-0.261922
LEATHERHEAD CRC,KT220BA,51.307448,-0.351613
LYNE LANE COMMUNITY RECYCLING CENTRE,KT160RA,51.357141,-0.533541
MARTYRS LANE CA SITE,GU215NJ,51.34247,-0.539695
NANHURST COMMUNITY RECYCLING CENTRE,GU68JX,51.139833,-0.522816
Ranmore Road CRC,RH41TL,51.23825,-0.340765
SLYFIELD TS,GU11RU,51.260862,-0.564504
Swift Lane Community Recycling Centre,GU195NJ,51.359944,-0.67849
WILTON ROAD COMMUNITY RECYCLING CENTRE,GU152QW,51.325783,-0.756541
WITLEY COMMUNITY RECYCLING CENTRE,GU85QW,51.159013,-0.648001
Site 01 - Household Waste Recycling Cent,SN22DW,51.569093,-1.805578
SWS Ltd,TS251NS,54.673051,-1.208776
Tamworth Borough Council WEEE Store,B774ED,52.6233,-1.646577
Homelectric (Tamworth Co-op),DE110AD,52.773277,-1.560829
Tamworth Co-operative Society Ltd,B797HA,52.633823,-1.69345
Taurus Metal UK Ltd,TF15AB,52.696008,-2.489758
Tayside Recyclers,DD15AN,56.462979,-2.98499
Tech Recycle Ltd,GU105AB,51.235127,-0.814305
HALESFIELD COMMUNITY RECYCLING CENTRE,TF74LN,52.640925,-2.42298
Hortonwood Household Recycling Centre,TF17GL,52.723718,-2.4621
Waste Transfer Station (Veolia),CO154TL,51.818506,1.168404
Tendring Reuse & Employment Enterprise,CO154LX,51.817799,1.164477
Tendring Reuse and Employment Enterprise,CO169ND,51.836618,1.14023
The Appliance Recycling Group,DY47BS,52.536152,-2.028744
The British Connection,EN34SA,51.64688,-0.049135
The EEE Team Ltd,SA146PT,51.781371,-4.064316
"The Furniture Project, Nottinghamshire",NG229LD,53.207715,-0.974893
"The Lamp Recycling Co. Ltd.,",RG213NB,51.250625,-1.101538
Council Depot,AB555EN,57.540621,-2.946934
Dallachy CA Site,IV327PL,57.656623,-3.059671
Gollachy Recycling Centre,AB565BE,57.663682,-3.001429
Moycroft Recycling Centre,IV301XZ,57.648844,-3.292208
Waste Treatment Plant,IV301XZ,57.648844,-3.292208
Waterford Recycling Centre,IV363EF,57.612591,-3.622525
Unit 2 Ricketts Close,DY117QN,52.358889,-2.26632
Batchworth Depot,WD31LU,51.633763,-0.468515
Furtherfield Depot,WD50PL,51.699829,-0.418474
Linford Civic Amenity Site,SS170PP,51.507958,0.407362
St.Clements Way Recycling Centre,RM203ED,51.471759,0.275049
Household Waste Recycling Centre,NP40LS,51.690468,-3.018915
Gladden House,WN89SX,53.545222,-2.79974
Resource House,CF116NG,51.471907,-3.183616
Tree of Life Centre Wythenhawe,M221AH,53.376342,-2.267716
TV Tradeware House,B662PU,52.499386,-1.944348
UCan Recycling,BD129LU,53.731634,-1.757664
Unique Weeecycle Limited,LS42BL,53.803724,-1.58115
Unitas,ST16AY,53.026622,-2.155838
Upkeep,G327JT,55.851774,-4.164659
Used-IT Ltd,RG248QU,51.272141,-1.060009
Dunmow Depot,CM61AN,51.804176,0.308911
Shire Hill Depot,CB113AZ,52.018544,0.253969
Llandow Household Recycling Centre,CF717PB,51.435217,-3.503805
Sully Recycling Centre,CF645SE,51.40218,-3.241226
Leicester Street Depot,CW95LG,53.263776,-2.509656
Valutech Ltd,SN68TY,51.6146,-1.644827
Gladstone Park depot,NW101JE,51.555211,-0.23209
Roundwood Park depot,NW103RT,51.540231,-0.237559
Roe Green Depot,NW99DT,51.585767,-0.275002
Marsh Road Depot,HA01ES,51.533876,-0.301626
Vale Farm Depot,HA03HG,51.558214,-0.316409
Kirkby HWRC,L333AR,53.489793,-2.848978
Veolia Chorley Municipal Depot,PR267PF,53.700537,-2.724415
Old Swan HWRC,L133AF,53.416644,-2.923849
Vert Recycling Ltd,b742dd,52.567007,-1.881813
Viridor Beddington,CR04TD,51.384585,-0.138967
Viridor Kingston,KT13GZ,51.403326,-0.291932
Gilmerton Recycling & Transfer Station,EH178RY,55.90139,-3.124067
Crayford MRF,DA14QG,51.457683,0.198314
CIVIC AMENITY SITE,WS32XJ,52.612866,-2.008487
Gatewarth RHWC,WA51DD,53.382441,-2.622458
Stockton Heath RHWC,WA42AY,53.369122,-2.577222
Woolston RHWC,WA14AG,53.39733,-2.542864
BURTON FARM HOUSEHOLD WASTE SITE,CV370RW,52.21115,-1.733955
Cherry Orchard Recycling Centre,CV82UB,52.345692,-1.568819
Cwik Skip (Temporary site until Apr 08),CV213RQ,52.380119,-1.238097
GRENDON HOUSEHOLD WASTE SITE,CV92PD,52.592965,-1.592128
HUNTERS LANE HWC (closed until April 08),CV211DH,52.381637,-1.26478
Judkin's Household Waste Site,CV109QB,52.53209,-1.49323
Princes Drive Recycling Centre,CV313PH,52.285684,-1.547749
SHIPSTON HOUSEHOLD WASTE SITE,CV364AX,52.066858,-1.622551
STOCKTON HOUSEHOLD WASTE SITE,CV478LA,52.273021,-1.363394
WELLESBOURNE HOUSEHOLD WASTE SITE,CV359QZ,52.189875,-1.60327
Waste Electrical Recycling Services,NE340LW,54.974824,-1.450447
Bell Waste Control,DN150DH,53.596475,-0.641923
Alfreton Transfer Station,DE554NJ,53.088043,-1.36444
Boston HWRC,PE217AA,52.95561,-0.007713
Buckden HWRC,PE195UH,52.305129,-0.238315
Chesterfield Transfer Station,S419QD,53.266448,-1.443588
Costessey Transfer Station,NR50TL,52.656758,1.17739
Derby Transfer Station,DE217BA,52.905526,-1.426926
Glossop Transfer Station,SK139JQ,53.450222,-1.993336
Haverhill Transfer Station,CB98QP,52.073102,0.429219
Kirkby on Bain HWRC,LN106YN,53.140722,-0.147292
Kirkless HWRC,WN22PR,53.546903,-2.590988
Kirkless Transfer Station,WN22PR,53.546903,-2.590988
Leadenham HWRC,LN50QF,53.057715,-0.567566
Lowestoft Tansfer Station,NR337NF,52.445218,1.717306
Norwich HWRC,NR24LH,52.642338,1.272621
Norwich Transfer Station,NR24LH,52.642338,1.272621
Pwllfawatkin HWRC,SA84RX,51.763662,-3.892926
Red Lodge Transfer Station,IP288LG,52.303254,0.480481
Shipdham Transfer Station,IP257SD,52.623731,0.941307
Thetford Transfer Station,IP243RW,52.403305,0.725369
Whisby HWRC,LN69BT,53.19693,-0.648696
Wilmington Transfer Station,HU88AU,53.758956,-0.325742
Waste Recycling Group Ltd,PE321SW,52.705575,0.473519
WasteCare Limited,WF61RL,53.702198,-1.392511
WasteCare Ltd,CO28HT,51.877053,0.931082
Waste-IT Recycling Services,RG248QU,51.272141,-1.060009
Weee Can Recycle,RM188DX,51.459837,0.368435
Weee Collect,YO139DU,54.245783,-0.552846
WEEE MUST RECYCLE,B775DF,52.607902,-1.675401
Weee recycle 4 U,WS54AX,52.563073,-1.982741
Serco Local Government,AL71BD,51.803696,-0.193914
Unit 8 Tewin Court,AL71AU,51.803116,-0.192399
WCF Main shop/offices,M147HT,53.451062,-2.238582
WCF warehouse & workshops,M155BJ,53.468811,-2.253399
WCF Withington Shop,M201FX,53.433355,-2.233832
Newtown Road HWRC,RG209AG,51.379592,-1.319693
Padworth IWMF,RG74HY,51.397901,-1.12005
Old Kilpatrick HWRC,G605HD,55.920474,-4.453049
Robert Hodge Centre,WN88EE,53.558671,-2.802365
Greenford Road Waste and Recycling Centr,UB69AP,51.523428,-0.352151
"Harrow Waste, Reuse and Recycling Centre",HA38NT,51.590485,-0.3268
New Years Green Lane Civic Amenity Site,UB96LX,51.582104,-0.45758
Rigby Lane Civic Amenity Site,UB31ET,51.506499,-0.441301
Southall Waste and Recycling Centre,UB25QE,51.495958,-0.382603
Townmead Road Waste and Recycling Centre,TW94EL,51.475347,-0.274699
Twyford Waste and Recycling Centre,NW107TJ,51.536928,-0.278522
Victoria Road Civic Amenity Site,HA40YS,51.553932,-0.386699
Broxburn Comminuty Recycling Centre,EH525AF,55.93481,-3.469829
Linlithgow Community Recycling Centre,EH496HF,55.9735,-3.611275
Whitburn Community Recycling Centre,EH470LQ,55.859941,-3.701512
BURGESS HILL HWRS,RH158AR,50.967503,-0.132697
BURGESS HILL RTS,RH158AR,50.967503,-0.132697
CRAWLEY BF,RH117XN,51.13287,-0.186965
CRAWLEY HWRS,RH117XN,51.13287,-0.186965
EAST GRINSTEAD HWRS,RH191TZ,51.117602,-0.033346
HORSHAM HWRS,RH130AR,51.044785,-0.345704
LITTLEHAMPTON HWRS,BN177PH,50.826421,-0.540991
MIDHURST HWRS,GU299QX,50.982164,-0.750658
SELSEY MOBILE RECYCLING EVENT,PO200SZ,50.733274,-0.775867
SHOREHAM HWRS,BN436RJ,50.832687,-0.258791
WESTHAMPNETT HWRS,PO180NS,50.847122,-0.751791
WESTHAMPNETT RTS,PO180NS,50.847122,-0.751791
WORTHING HWRS,BN148NA,50.822494,-0.352706
BILLINGSHURST HWRS,RH149HY,51.022155,-0.459866
BOGNOR REGIS HWRS,PO229PA,50.81363,-0.670147
Cringle Dock,SW85BX,51.480809,-0.140292
Western Riverside,SW181JS,51.462526,-0.191378
UNIT 16 HAUPAR HILL BUSINESS PARK,SK179JL,53.232019,-1.914687
Veolia Brent Transfer Station,HA01ES,51.533876,-0.301626
Thorncombe Farm,DT27RF,50.802975,-2.381084
Weymouth & Sherborne Recycling,DE655PY,52.88693,-1.706233
Abbey Metals,DT11PE,50.711216,-2.41192
Coopers Park,DT11ST,50.718289,-2.447311
Chanters Household Waste Recycling Centr,M469FF,53.521023,-2.481776
Frog Lane Household Waste Recycling Cent,WN67LP,53.550208,-2.647604
Orrell Household Waste Recycling Centre,WN58LZ,53.539263,-2.70111
Slag Lane Household Waste Recycling Cent,WA31BZ,53.491172,-2.561696
Glenrothes Site,KY62SY,56.182607,-3.181365
Linwood Site,PA33BD,55.839595,-4.491061
Amesbury Household Recycling Centre,SP27RX,51.069079,-1.805408
Calne Household Recycling Centre,SN118RB,51.438036,-1.969055
Devizes Household Recycling Centre,SN102EU,51.366174,-1.97268
Everleigh Household Recycling Centre,SN96LZ,51.318108,-1.720605
Hills Materials Resource Centre,SN118RE,51.445495,-1.952842
Marlborough Household Recycling Centre,SN84AN,51.415588,-1.72063
Melksham Household Recycling Centre,SN126QT,51.357553,-2.133124
Purton Household Recycling Centre,SN54HS,51.600952,-1.865649
Salisbury Household Recycling Centre,SP27NP,51.068963,-1.811317
Stanton St Quintin Household Recycling C,SN146BD,51.514694,-2.112255
Thorny Down Transfer Station,SP51BN,51.112192,-1.670717
Trowbridge Household Recycling Centre,BA148RQ,51.333628,-2.206633
Warminster Household Recycling Centre,BA128PE,51.211734,-2.191126
Braywick Waste Transfer Station,SL61AY,51.518599,-0.717023
CA SITE,SL61AY,51.518599,-0.717023
Houeshold Waste & Recycling Centre,WV109LA,52.606868,-2.12568
Household Waste & Recycling Centre,WV149NE,52.551744,-2.095303
Malvern Household Waste Site,WR135AX,52.133962,-2.299323
Pershore Household Waste Site,WR102PW,52.126906,-2.029951
Redditch Bulk Bay,B987SN,52.285837,-1.910201
Redditch Household Waste Site,B987SN,52.285837,-1.910201
Rotherwas Transfer Station,HR26LD,52.040523,-2.676685
Stourport Household Waste Site,DY138AS,52.348632,-2.274142
Tenbury Wells Household Waste Site,WR158FA,52.301923,-2.587155
Upton-on-Severn Household Waste Site,WR80HU,52.065457,-2.220545
Wyre Forest Depot,DY101HA,52.380979,-2.249617
BILFORD ROAD HOUSEHOLD WASTE SITE,WR38PU,52.212324,-2.216428
Bromsgrove Household Waste Site,DY99UU,52.396128,-2.062216
Droitwich Household Waste Site,WR97DU,52.264694,-2.117814
Hallow Road Household Waste Site,WR26BZ,52.205765,-2.242033
Kidderminster Household Waste Site,DY101HY,52.372904,-2.250232
World Of Recycling,WS108LU,52.575666,-2.025972
Meadow Road Depot,BN112SA,50.818344,-0.34351
Brymbo Household Recycling Centre,LL115NR,53.06575,-3.044784
Bryn Lane Household Recycling Centre,LL139UT,53.048207,-2.914143
Plas Madoc CA Site,LL143ES,52.982483,-3.057653
WDC Depot,SL73DJ,51.607787,-0.799106
Hessay MRF,YO268JS,53.976931,-1.201308
Fiveways,DT101AZ,50.929916,-2.299804
Unit 9 Richmar Trading Centre,DT101AZ,50.929916,-2.299804